ID,Name,Macroarea,ISO,Family,Genus
aba,Abau,Papunesia,aau,Sepik,Abau
abi,Abipón,South America,axb,Guaicuruan,Abipon
abu,Abun,Papunesia,kgr,Abun,Abun
acm,Achumawi,North America,acv,Hokan,Achumawi
adi,Adioukrou,Africa,adj,Niger-Congo,Agneby
abd,Abidji,Africa,abi,Niger-Congo,Agneby
aik,Aikaná,South America,tba,Aikaná,Aikaná
kqq,Krenak,South America,kqq,Macro-Ge,Aimore
ain,Ainu,Eurasia,ain,Ainu,Ainu
qaw,Qawasqar,South America,alc,Alacalufan,Alacalufan
alb,Albanian,Eurasia,sqi,Indo-European,Albanian
aea,Aleut (Eastern),North America,ale,Eskimo-Aleut,Aleut
ale,Aleut,North America,ale,Eskimo-Aleut,Aleut
mhc,Mahican,North America,xpq,Algic,Algonquian
mtt,Massachusett,North America,wam,Algic,Algonquian
unm,Unami,North America,unm,Algic,Algonquian
mse,Munsee,North America,umu,Algic,Algonquian
shw,Shawnee,North America,sjw,Algic,Algonquian
fox,Fox,North America,sac,Algic,Algonquian
psm,Passamaquoddy-Maliseet,North America,pqm,Algic,Algonquian
pot,Potawatomi,North America,pot,Algic,Algonquian
pow,Powhatan,North America,pim,Algic,Algonquian
ojs,Ojibwa (Severn),North America,ojs,Algic,Algonquian
nsk,Naskapi,North America,nsk,Algic,Algonquian
nnt,Nanticoke,North America,nnt,Algic,Algonquian
mtg,Montagnais,North America,moe,Algic,Algonquian
mic,Micmac,North America,mic,Algic,Algonquian
ill,Illinois,North America,mia,Algic,Algonquian
men,Menomini,North America,mez,Algic,Algonquian
kic,Kickapoo,North America,kic,Algic,Algonquian
cea,Cree (Swampy),North America,csw,Algic,Algonquian
cre,Cree (Plains),North America,crk,Algic,Algonquian
mcf,Michif,North America,crg,Algic,Algonquian
cpw,Chippewa (Red Lake and Pillager),North America,ciw,Algic,Algonquian
ojm,Ojibwe (Minnesota),North America,ciw,Algic,Algonquian
cyn,Cheyenne,North America,chy,Algic,Algonquian
bla,Blackfoot,North America,bla,Algic,Algonquian
ati,Atikamekw,North America,atj,Algic,Algonquian
aho,Arapaho,North America,arp,Algic,Algonquian
alg,Algonquin,North America,alq,Algic,Algonquian
abw,Abenaki (Western),North America,abe,Algic,Algonquian
oji,Ojibwa (Eastern),North America,,Algic,Algonquian
woi,Woisika,Papunesia,woi,Greater West Bomberai,Alor-Pantar
tgp,Tanglapui,Papunesia,tpg,Greater West Bomberai,Alor-Pantar
kln,Kolana,Papunesia,kvw,Greater West Bomberai,Alor-Pantar
kiu,Kui (in Indonesia),Papunesia,kvd,Greater West Bomberai,Alor-Pantar
adg,Adang,Papunesia,adn,Greater West Bomberai,Alor-Pantar
abv,Abui,Papunesia,abz,Greater West Bomberai,Alor-Pantar
als,Alsea,North America,aes,Oregon Coast,Alsea
wrk,Warekena,South America,gae,Arawakan,Alto-Orinoco
bnv,Baniva,South America,bvv,Arawakan,Alto-Orinoco
mpr,Maipure,South America,,Arawakan,Alto-Orinoco
amz,Amuzgo,North America,amu,Oto-Manguean,Amuzgoan
adk,Andoke,South America,ano,Andoke,Andoke
ane,Anêm,Papunesia,anz,Anêm,Anêm
ant,Angaataha,Papunesia,agm,Trans-New Guinea,Angaataha
sem,Sema,Eurasia,nsm,Sino-Tibetan,Angami-Pochuri
agm,Angami,Eurasia,njm,Sino-Tibetan,Angami-Pochuri
nma,Naga (Mao),Eurasia,nbi,Sino-Tibetan,Angami-Pochuri
ann,Anindilyakwa,Australia,aoi,Gunwinyguan,Anindilyakwa
grf,Garífuna,North America,cab,Arawakan,Antillean Arawakan
ara,Lokono,South America,arw,Arawakan,Antillean Arawakan
kbo,Kambot,Papunesia,kbx,Keram,Ap Ma
pau,Paumarí,South America,pad,Arauan,Arauan
bna,Banawá,South America,jaa,Arauan,Arauan
jmm,Jamamadi,South America,jaa,Arauan,Arauan
jwr,Jarawara,South America,jaa,Arauan,Arauan
den,Dení,South America,dny,Arauan,Arauan
cul,Culina,South America,cul,Arauan,Arauan
map,Mapudungun,South America,arn,Araucanian,Araucanian
dam,Damana,South America,mbp,Chibchan,Arhuacic
cog,Cogui,South America,kog,Chibchan,Arhuacic
ika,Ika,South America,arh,Chibchan,Arhuacic
kna,Karitiâna,South America,ktn,Tupian,Arikem
arw,Armenian (Western),Eurasia,hyw,Indo-European,Armenian
arm,Armenian (Eastern),Eurasia,hye,Indo-European,Armenian
arz,Armenian (Iranian),Eurasia,hye,Indo-European,Armenian
tmr,Temiar,Eurasia,tea,Austro-Asiatic,Aslian
sml,Semelai,Eurasia,sza,Austro-Asiatic,Aslian
smj,Semai,Eurasia,sea,Austro-Asiatic,Aslian
mhm,Mah Meri,Eurasia,mhe,Austro-Asiatic,Aslian
jah,Jahai,Eurasia,jhi,Austro-Asiatic,Aslian
kmr,Kamoro,Papunesia,kgq,Asmat-Kamrau Bay,Asmat-Kamrau Bay
asm,Asmat,Papunesia,cns,Asmat-Kamrau Bay,Asmat-Kamrau Bay
atk,Atakapa,North America,aqp,Atakapa,Atakapa
see,Seediq,Papunesia,trv,Austronesian,Atayalic
ata,Atayal,Papunesia,tay,Austronesian,Atayalic
slv,Slavey,North America,xsl,Na-Dene,Athapaskan
cco,Chasta Costa,North America,tuu,Na-Dene,Athapaskan
tut,Tutchone (Northern),North America,ttm,Na-Dene,Athapaskan
tnj,Tanaina,North America,tfn,Na-Dene,Athapaskan
tnc,Tanacross,North America,tcb,Na-Dene,Athapaskan
tnl,Tanana (Lower),North America,taa,Na-Dene,Athapaskan
src,Sarcee,North America,srs,Na-Dene,Athapaskan
nav,Navajo,North America,nav,Na-Dene,Athapaskan
mtl,Mattole,North America,mvb,Na-Dene,Athapaskan
uku,Upper Kuskokwim,North America,kuu,Na-Dene,Athapaskan
kto,Kato,North America,ktw,Na-Dene,Athapaskan
kyn,Koyukon,North America,koy,Na-Dene,Athapaskan
dgx,Degexit'an,North America,ing,Na-Dene,Athapaskan
hup,Hupa,North America,hup,Na-Dene,Athapaskan
kth,Kutchin,North America,gwi,Na-Dene,Athapaskan
sla,Slave,North America,den,Na-Dene,Athapaskan
crq,Carrier,North America,crx,Na-Dene,Athapaskan
chp,Chipewyan,North America,chp,Na-Dene,Athapaskan
apw,Apache (Western),North America,apw,Na-Dene,Athapaskan
apc,Apache (Chiricahua),North America,apm,Na-Dene,Athapaskan
apj,Apache (Jicarilla),North America,apj,Na-Dene,Athapaskan
aht,Ahtna,North America,aht,Na-Dene,Athapaskan
ats,Atsugewi,North America,atw,Hokan,Atsugewi
tnd,Tindi,Eurasia,tin,Nakh-Daghestanian,Avar-Andic-Tsezic
bgv,Bagvalal,Eurasia,kva,Nakh-Daghestanian,Avar-Andic-Tsezic
krt,Karata,Eurasia,kpt,Nakh-Daghestanian,Avar-Andic-Tsezic
khv,Khwarshi,Eurasia,khv,Nakh-Daghestanian,Avar-Andic-Tsezic
bez,Bezhta,Eurasia,kap,Nakh-Daghestanian,Avar-Andic-Tsezic
hzb,Hunzib,Eurasia,huz,Nakh-Daghestanian,Avar-Andic-Tsezic
hnk,Hinuq,Eurasia,gin,Nakh-Daghestanian,Avar-Andic-Tsezic
god,Godoberi,Eurasia,gdo,Nakh-Daghestanian,Avar-Andic-Tsezic
tsz,Tsez,Eurasia,ddo,Nakh-Daghestanian,Avar-Andic-Tsezic
chm,Chamalal,Eurasia,cji,Nakh-Daghestanian,Avar-Andic-Tsezic
ava,Avar,Eurasia,ava,Nakh-Daghestanian,Avar-Andic-Tsezic
anx,Andi,Eurasia,ani,Nakh-Daghestanian,Avar-Andic-Tsezic
axv,Akhvakh,Eurasia,akv,Nakh-Daghestanian,Avar-Andic-Tsezic
avk,Avikam,Africa,avi,Niger-Congo,Avikam-Alladian
ald,Alladian,Africa,ald,Niger-Congo,Avikam-Alladian
pis,Pisa,Papunesia,psa,Trans-New Guinea,Awju
ahu,Aghu,Papunesia,ahh,Trans-New Guinea,Awju
jaq,Jaqaru,South America,jqr,Aymaran,Aymaran
aym,Aymara (Central),South America,ayr,Aymaran,Aymaran
nhp,Nahuatl (Pochutla),North America,xpo,Uto-Aztecan,Aztecan
pip,Pipil,North America,ppl,Uto-Aztecan,Aztecan
nmi,Nahuatl (Mecayapan Isthmus),North America,nhx,Uto-Aztecan,Aztecan
npa,Nahuatl (Pajapan),North America,nhp,Uto-Aztecan,Aztecan
nhc,Nahuatl (Central),North America,nhn,Uto-Aztecan,Aztecan
nmp,Nahuatl (Milpa Alta),North America,nhm,Uto-Aztecan,Aztecan
nht,Nahuatl (Tetelcingo),North America,nhg,Uto-Aztecan,Aztecan
nhx,Nahuatl (Xalitla),North America,ngu,Uto-Aztecan,Aztecan
nhm,Nahuatl (Michoacán),North America,ncl,Uto-Aztecan,Aztecan
nhn,Nahuatl (North Puebla),North America,ncj,Uto-Aztecan,Aztecan
nhu,Nahuatl (Huauchinango),North America,ncj,Uto-Aztecan,Aztecan
nsz,Nahuatl (Sierra de Zacapoaxtla),North America,azz,Uto-Aztecan,Aztecan
nhh,Nahuatl (Huasteca),North America,,Uto-Aztecan,Aztecan
brb,Bariba,Africa,bba,Niger-Congo,Baatonum
sap,Sapuan,Eurasia,spu,Austro-Asiatic,Bahnaric
sed,Sedang,Eurasia,sed,Austro-Asiatic,Bahnaric
rng,Rengao,Eurasia,ren,Austro-Asiatic,Bahnaric
oi,Oi,Eurasia,oyb,Austro-Asiatic,Bahnaric
lov,Loven,Eurasia,lbo,Austro-Asiatic,Bahnaric
sre,Sre,Eurasia,kpm,Austro-Asiatic,Bahnaric
jeh,Jeh,Eurasia,jeh,Austro-Asiatic,Bahnaric
hre,Hre,Eurasia,hre,Austro-Asiatic,Bahnaric
hln,Halang,Eurasia,hal,Austro-Asiatic,Bahnaric
cua,Cua,Eurasia,cua,Austro-Asiatic,Bahnaric
chr,Chrau,Eurasia,crw,Austro-Asiatic,Bahnaric
bra,Brao,Eurasia,brb,Austro-Asiatic,Bahnaric
bpb,Bahnar,Eurasia,bdq,Austro-Asiatic,Bahnaric
sti,Stieng,Eurasia,,Austro-Asiatic,Bahnaric
fqs,Momu,Papunesia,fqs,Baibai-Fas,Baibai-Fas
mli,Mali,Papunesia,gcc,Baining,Baining
bng,Qaqet,Papunesia,byx,Baining,Baining
blz,Balanta,Africa,,Niger-Congo,Balanta
lit,Lithuanian,Eurasia,lit,Indo-European,Baltic
lat,Latvian,Eurasia,lav,Indo-European,Baltic
bgm,Bangime,Africa,dba,Bangime,Bangime
zno,Zulu (Northern),Africa,zul,Niger-Congo,Bantu
zso,Zulu (Southern),Africa,zul,Niger-Congo,Bantu
zul,Zulu,Africa,zul,Niger-Congo,Bantu
mit,Mituku,Africa,zmq,Niger-Congo,Bantu
kga,Kinga,Africa,zga,Niger-Congo,Bantu
kwy,Iwoyo,Africa,yom,Niger-Congo,Bantu
yns,Yansi,Africa,yns,Niger-Congo,Bantu
yey,Yeyi,Africa,yey,Niger-Congo,Bantu
gun,Gunu,Africa,yas,Niger-Congo,Bantu
yao,Yao (in Malawi),Africa,yao,Niger-Congo,Bantu
yak,Yaka,Africa,yaf,Niger-Congo,Bantu
xho,Xhosa,Africa,xho,Niger-Congo,Bantu
vif,Vili,Africa,vif,Niger-Congo,Bantu
ven,Venda,Africa,ven,Niger-Congo,Bantu
umb,UMbundu,Africa,umb,Niger-Congo,Bantu
tnn,Tunen,Africa,tvu,Niger-Congo,Bantu
tgo,Tsogo,Africa,tsv,Niger-Congo,Bantu
tsn,Tsonga,Africa,tso,Niger-Congo,Bantu
tsw,Tswana,Africa,tsn,Niger-Congo,Bantu
toz,Tonga (in Zambia),Africa,toi,Niger-Congo,Bantu
tet,Tetela,Africa,tll,Niger-Congo,Bantu
tal,Talinga,Africa,tlj,Niger-Congo,Bantu
tbw,Tabwa,Africa,tap,Niger-Congo,Bantu
sgl,Sengele,Africa,szg,Niger-Congo,Bantu
swa,Swahili,Africa,swh,Niger-Congo,Bantu
com,Comorian,Africa,swb,Niger-Congo,Bantu
skm,Sukuma,Africa,suk,Niger-Congo,Bantu
sku,Suku,Africa,sub,Niger-Congo,Bantu
swt,Swati,Africa,ssw,Niger-Congo,Bantu
ses,Sesotho,Africa,sot,Niger-Congo,Bantu
sge,Songe,Africa,sop,Niger-Congo,Bantu
sgu,Sangu,Africa,snq,Niger-Congo,Bantu
krg,Karanga,Africa,sna,Niger-Congo,Bantu
shn,Shona,Africa,sna,Niger-Congo,Bantu
sen,Sena,Africa,seh,Niger-Congo,Bantu
sub,Subiya,Africa,sbs,Niger-Congo,Bantu
rnd,Rundi,Africa,run,Niger-Congo,Bantu
rga,Ronga,Africa,rng,Niger-Congo,Bantu
rim,Rimi,Africa,rim,Niger-Congo,Bantu
pog,Pogoro,Africa,poy,Niger-Congo,Bantu
png,Pangwa,Africa,pbr,Niger-Congo,Bantu
cga,Chaga,Africa,old,Niger-Congo,Bantu
rru,Runyoro-Rutooro,Africa,nyo,Niger-Congo,Bantu
rny,Runyankore,Africa,nyn,Niger-Congo,Bantu
nym,Nyamwezi,Africa,nym,Niger-Congo,Bantu
nng,Nyanga,Africa,nyj,Niger-Congo,Bantu
cic,Chichewa,Africa,nya,Niger-Congo,Bantu
nto,Ntomba,Africa,nto,Niger-Congo,Bantu
stn,Sotho (Northern),Africa,nso,Niger-Congo,Bantu
nse,Nsenga,Africa,nse,Niger-Congo,Bantu
nbo,Nyambo,Africa,now,Niger-Congo,Bantu
nde,Nande,Africa,nnb,Niger-Congo,Bantu
buj,Bujeba,Africa,nmg,Niger-Congo,Bantu
ndu,Ndumu,Africa,nmd,Niger-Congo,Bantu
nyh,Nyiha,Africa,nih,Niger-Congo,Bantu
ngo,Ngoni,Africa,ngo,Niger-Congo,Bantu
nge,Ngemba,Africa,nge,Niger-Congo,Bantu
dok,Bwele,Africa,ngc,Niger-Congo,Bantu
nbe,Ngombe,Africa,ngc,Niger-Congo,Bantu
ndo,Ndonga,Africa,ndo,Niger-Congo,Bantu
ndb,Ndebele,Africa,nde,Niger-Congo,Bantu
mpo,Mpongwe,Africa,mye,Niger-Congo,Bantu
mwe,Mwera,Africa,mwe,Niger-Congo,Bantu
mbz,Mbe',Africa,mtk,Niger-Congo,Bantu
mtb,Matuumbi,Africa,mgw,Niger-Congo,Bantu
mmw,Mambwe,Africa,mgr,Niger-Congo,Bantu
mua,Makua,Africa,mgh,Niger-Congo,Bantu
mdw,Mbosi,Africa,mdw,Niger-Congo,Bantu
mbe,Mbere,Africa,mdt,Niger-Congo,Bantu
mbl,Mbole,Africa,mdq,Niger-Congo,Bantu
mkz,Makaa,Africa,mcp,Niger-Congo,Bantu
luy,Luyia,Africa,luy,Niger-Congo,Bantu
lbu,Lunda,Africa,lun,Niger-Congo,Bantu
lda,Luganda,Africa,lug,Niger-Congo,Bantu
luv,Luvale,Africa,lue,Niger-Congo,Bantu
kil,Kiluba,Africa,lub,Niger-Congo,Bantu
blu,Bena-Lulua,Africa,lua,Niger-Congo,Bantu
cil,CiLuba,Africa,lua,Niger-Congo,Bantu
loz,Lozi,Africa,loz,Niger-Congo,Bantu
mgo,Mongo,Africa,lol,Niger-Congo,Bantu
mhu,Mbalanhu,Africa,lnb,Niger-Congo,Bantu
lin,Lingala,Africa,lin,Niger-Congo,Bantu
leg,Lega,Africa,lea,Niger-Congo,Bantu
luc,Lucazi,Africa,lch,Niger-Congo,Bantu
lmb,Lamba,Africa,lam,Niger-Congo,Bantu
lgi,Langi,Africa,lag,Niger-Congo,Bantu
kwn,Kwangali,Africa,kwn,Niger-Congo,Bantu
bfi,Bafia,Africa,ksf,Niger-Congo,Bantu
shm,Shambala,Africa,ksb,Niger-Congo,Bantu
kyo,Kanyok,Africa,kny,Niger-Congo,Bantu
fio,Fiote,Africa,kng,Niger-Congo,Bantu
kon,Kongo,Africa,kng,Niger-Congo,Bantu
tks,Teke (Southern),Africa,kkw,Niger-Congo,Bantu
kgr,Kagulu,Africa,kki,Niger-Congo,Bantu
kin,Kinyarwanda,Africa,kin,Niger-Congo,Bantu
kik,Kikuyu,Africa,kik,Niger-Congo,Bantu
mkd,Makonde,Africa,kde,Niger-Congo,Bantu
kte,Kete,Africa,kcv,Niger-Congo,Bantu
kmi,Kami,Africa,kcu,Niger-Congo,Bantu
klz,Kalanga,Africa,kck,Niger-Congo,Bantu
kba,Kamba,Africa,kam,Niger-Congo,Bantu
ila,Ila,Africa,ilb,Niger-Congo,Bantu
ifm,Ifumu,Africa,ifm,Niger-Congo,Bantu
hol,Holoholo,Africa,hoo,Niger-Congo,Bantu
hnd,Hunde,Africa,hke,Niger-Congo,Bantu
her,Herero,Africa,her,Niger-Congo,Bantu
hem,Hemba,Africa,hem,Niger-Congo,Bantu
heh,Hehe,Africa,heh,Niger-Congo,Bantu
hya,Haya,Africa,hay,Niger-Congo,Bantu
gus,Gusii,Africa,guz,Niger-Congo,Bantu
eny,Enya,Africa,gey,Niger-Congo,Bantu
ewo,Ewondo,Africa,ewo,Niger-Congo,Bantu
eko,Ekoti,Africa,eko,Niger-Congo,Bantu
dua,Duala,Africa,dua,Niger-Congo,Bantu
dma,Duma,Africa,dma,Niger-Congo,Bantu
dng,Ding,Africa,diz,Niger-Congo,Bantu
dbd,Dabida,Africa,dav,Niger-Congo,Bantu
nko,Nkore-Kiga,Africa,cgg,Niger-Congo,Bantu
buk,Bukusu,Africa,bxk,Niger-Congo,Bantu
bbl,Babole,Africa,bvx,Niger-Congo,Bantu
bub,Bubi,Africa,bvb,Niger-Congo,Bantu
bdu,Budu,Africa,buu,Niger-Congo,Bantu
buw,Bulu,Africa,bum,Niger-Congo,Bantu
bsh,Bushoong,Africa,buf,Niger-Congo,Bantu
bku,Bakueri,Africa,bri,Niger-Congo,Bantu
brq,Bera,Africa,brf,Niger-Congo,Bantu
bob,Bobangi,Africa,bni,Niger-Congo,Bantu
bga,Benga,Africa,bng,Niger-Congo,Bantu
bol,Bolia,Africa,bli,Niger-Congo,Bantu
bia,Bila,Africa,bip,Niger-Congo,Bantu
bee,Beembe,Africa,beq,Niger-Congo,Bantu
bem,Bemba,Africa,bem,Niger-Congo,Bantu
bkn,Bakundu,Africa,bdu,Niger-Congo,Bantu
ldo,Londo,Africa,bdu,Niger-Congo,Bantu
bas,Basaá,Africa,bas,Niger-Congo,Bantu
tki,Tuki,Africa,bag,Niger-Congo,Bantu
aka,Aka,Africa,axk,Niger-Congo,Bantu
pre,Pare,Africa,asa,Niger-Congo,Bantu
awk,Akwa,Africa,akw,Niger-Congo,Bantu
leb,Lebeo,Africa,agh,Niger-Congo,Bantu
bnk,Bankon,Africa,abb,Niger-Congo,Bantu
awp,Awa Pit,South America,kwi,Barbacoan,Barbacoan
gmb,Guambiano,South America,gum,Barbacoan,Barbacoan
tsf,Tsafiki,South America,cof,Barbacoan,Barbacoan
cay,Cayapa,South America,cbi,Barbacoan,Barbacoan
mug,Bargam,Papunesia,mlp,Trans-New Guinea,Bargam
mti,Barí,South America,mot,Chibchan,Barí
mal,Malagasy,Africa,plt,Austronesian,Barito
olm,Oloh Mangtangai,Papunesia,nij,Austronesian,Barito
plp,Pulopetak,Papunesia,nij,Austronesian,Barito
myn,Ma'anyan,Papunesia,mhy,Austronesian,Barito
bqb,Basque (Bidasoa Valley),Eurasia,eus,Basque,Basque
bqg,Basque (Gernica),Eurasia,eus,Basque,Basque
bqh,Basque (Hondarribia),Eurasia,eus,Basque,Basque
bqi,Basque (Basaburua and Imoz),Eurasia,eus,Basque,Basque
bql,Basque (Lekeitio),Eurasia,eus,Basque,Basque
bqn,Basque (Northern High Navarrese),Eurasia,eus,Basque,Basque
bqo,Basque (Oñati),Eurasia,eus,Basque,Basque
bqr,Basque (Roncalese),Eurasia,eus,Basque,Basque
bqs,Basque (Sakana),Eurasia,eus,Basque,Basque
bqz,Basque (Zeberio),Eurasia,eus,Basque,Basque
bso,Basque (Souletin),Eurasia,eus,Basque,Basque
bsq,Basque,Eurasia,eus,Basque,Basque
ymi,Yami,Papunesia,tao,Austronesian,Batanic
iva,Ivatan,Papunesia,ivb,Austronesian,Batanic
non,Noni,Africa,nhu,Niger-Congo,Beboid
krw,Korowai,Papunesia,khe,Trans-New Guinea,Becking-Dawi
bej,Beja,Africa,bej,Afro-Asiatic,Beja
bco,Bella Coola,North America,blc,Salishan,Bella Coola
tok,Tarok,Africa,yer,Niger-Congo,Benue-Congo Plateau
fye,Fyem,Africa,pym,Niger-Congo,Benue-Congo Plateau
mdz,Mada (in Nigeria),Africa,mda,Niger-Congo,Benue-Congo Plateau
kgm,Kagoma,Africa,kdm,Niger-Congo,Benue-Congo Plateau
gwo,Gworok,Africa,kcg,Niger-Congo,Benue-Congo Plateau
jar,Izere,Africa,izr,Niger-Congo,Benue-Congo Plateau
bir,Birom,Africa,bom,Niger-Congo,Benue-Congo Plateau
beo,Beothuk,North America,bue,Beothuk,Beothuk
zen,Zenaga,Africa,zen,Afro-Asiatic,Berber
bma,Berber (Middle Atlas),Africa,tzm,Afro-Asiatic,Berber
tai,Tuareg (Air),Africa,thz,Afro-Asiatic,Berber
tgh,Tuareg (Ghat),Africa,thv,Afro-Asiatic,Berber
tug,Tuareg (Ahaggar),Africa,thv,Afro-Asiatic,Berber
tsk,Tamashek,Africa,taq,Afro-Asiatic,Berber
bsi,Berber (Siwa),Africa,siz,Afro-Asiatic,Berber
bch,Berber (Chaouia),Africa,shy,Afro-Asiatic,Berber
tas,Tashlhiyt,Africa,shi,Afro-Asiatic,Berber
brf,Berber (Rif),Africa,rif,Afro-Asiatic,Berber
bse,Berber (Ayt Seghrouchen Middle Atlas),Africa,rif,Afro-Asiatic,Berber
bou,Berber (Wargla),Africa,oua,Afro-Asiatic,Berber
bmz,Berber (Mzab),Africa,mzb,Afro-Asiatic,Berber
kbl,Kabyle,Africa,kab,Afro-Asiatic,Berber
bfg,Berber (Figuig),Africa,grr,Afro-Asiatic,Berber
ber,Berta,Africa,wti,Berta,Berta
bti,Betoi,South America,,Betoi,Betoi
try,Tiruray,Papunesia,tiy,Austronesian,Bilic
tbo,Tboli,Papunesia,tbl,Austronesian,Bilic
biq,Bilaan (Koronadal),Papunesia,bpr,Austronesian,Bilic
bil,Bilua,Papunesia,blb,Solomons East Papuan,Bilua
sue,Suena,Papunesia,sue,Trans-New Guinea,Binanderean
oro,Orokaiva,Papunesia,okv,Trans-New Guinea,Binanderean
krf,Korafe,Papunesia,kpr,Trans-New Guinea,Binanderean
bin,Binandere,Papunesia,bhg,Trans-New Guinea,Binanderean
brz,Birri,Africa,bvq,Central Sudanic,Birri
hdi,Hdi,Africa,xed,Afro-Asiatic,Biu-Mandara
uld,Uldeme,Africa,udl,Afro-Asiatic,Biu-Mandara
ter,Tera,Africa,ttr,Afro-Asiatic,Biu-Mandara
pod,Podoko,Africa,pbi,Afro-Asiatic,Biu-Mandara
mda,Mada (in Cameroon),Africa,mxu,Afro-Asiatic,Biu-Mandara
mgu,Musgu,Africa,mug,Afro-Asiatic,Biu-Mandara
mrg,Margi,Africa,mrt,Afro-Asiatic,Biu-Mandara
mbr,Mbara,Africa,mpk,Afro-Asiatic,Biu-Mandara
mof,Mofu-Gudur,Africa,mif,Afro-Asiatic,Biu-Mandara
lag,Lagwan,Africa,kot,Afro-Asiatic,Biu-Mandara
hna,Mina,Africa,hna,Afro-Asiatic,Biu-Mandara
lmg,Lamang,Africa,hia,Afro-Asiatic,Biu-Mandara
klb,Kilba,Africa,hbb,Afro-Asiatic,Biu-Mandara
gnd,Ga'anda,Africa,gqa,Afro-Asiatic,Biu-Mandara
giz,Giziga,Africa,gis,Afro-Asiatic,Biu-Mandara
gdr,Gidar,Africa,gid,Afro-Asiatic,Biu-Mandara
gdf,Guduf,Africa,gdf,Afro-Asiatic,Biu-Mandara
gud,Gude,Africa,gde,Afro-Asiatic,Biu-Mandara
dab,Daba,Africa,dbq,Afro-Asiatic,Biu-Mandara
bpa,Bura-Pabir,Africa,bwr,Afro-Asiatic,Biu-Mandara
bud,Buduma,Africa,bdm,Afro-Asiatic,Biu-Mandara
ban,Bana,Africa,bcw,Afro-Asiatic,Biu-Mandara
ktk,Kotoko,Africa,aal,Afro-Asiatic,Biu-Mandara
mlg,Malgwa,Africa,,Afro-Asiatic,Biu-Mandara
zim,Zimakani,Papunesia,zik,Trans-New Guinea,Boazi
boa,Boazi (Kuni),Papunesia,kvg,Trans-New Guinea,Boazi
she,Sherpa,Eurasia,xsr,Sino-Tibetan,Bodic
xns,Kanashi,Eurasia,xns,Sino-Tibetan,Bodic
tgl,Tshangla,Eurasia,tsj,Sino-Tibetan,Bodic
nyk,Nyamkad,Eurasia,tpq,Sino-Tibetan,Bodic
thk,Thakali,Eurasia,ths,Sino-Tibetan,Bodic
tam,Tamang (Eastern),Eurasia,taj,Sino-Tibetan,Bodic
spi,Spitian,Eurasia,spt,Sino-Tibetan,Bodic
tbx,Tangbe,Eurasia,skj,Sino-Tibetan,Bodic
skk,Sikkimese,Eurasia,sip,Sino-Tibetan,Bodic
tod,Tod,Eurasia,sbu,Sino-Tibetan,Bodic
mrc,Marchha,Eurasia,rnp,Sino-Tibetan,Bodic
joh,Johari,Eurasia,rgk,Sino-Tibetan,Bodic
prk,Purki,Eurasia,prx,Sino-Tibetan,Bodic
nph,Nar-Phu,Eurasia,npa,Sino-Tibetan,Bodic
nmm,Manange,Eurasia,nmm,Sino-Tibetan,Bodic
brl,Baragaunle,Eurasia,loy,Sino-Tibetan,Bodic
lho,Lhomi,Eurasia,lhm,Sino-Tibetan,Bodic
lad,Ladakhi,Eurasia,lbj,Sino-Tibetan,Bodic
tni,Tinani,Eurasia,lbf,Sino-Tibetan,Bodic
ptt,Pattani,Eurasia,lae,Sino-Tibetan,Bodic
khd,Kham (Dege),Eurasia,khg,Sino-Tibetan,Bodic
knz,Kham (Tibetan) (Nangchen),Eurasia,khg,Sino-Tibetan,Bodic
kgy,Kyirong,Eurasia,kgy,Sino-Tibetan,Bodic
knn,Kinnauri,Eurasia,kfk,Sino-Tibetan,Bodic
jad,Jad,Eurasia,jda,Sino-Tibetan,Bodic
drm,Darma,Eurasia,drd,Sino-Tibetan,Bodic
chn,Chantyal,Eurasia,chx,Sino-Tibetan,Bodic
chd,Chaudangsi,Eurasia,cdn,Sino-Tibetan,Bodic
rpa,Rang Pas,Eurasia,bod,Sino-Tibetan,Bodic
tdi,Tibetan (Dingri),Eurasia,bod,Sino-Tibetan,Bodic
tdr,Tibetan (Drokpa),Eurasia,bod,Sino-Tibetan,Bodic
tib,Tibetan (Standard Spoken),Eurasia,bod,Sino-Tibetan,Bodic
tis,Tibetan (Shigatse),Eurasia,bod,Sino-Tibetan,Bodic
tmo,Tibetan (Modern Literary),Eurasia,bod,Sino-Tibetan,Bodic
ghr,Bunan,Eurasia,bfu,Sino-Tibetan,Bodic
blt,Balti,Eurasia,bft,Sino-Tibetan,Bodic
bya,Byansi,Eurasia,bee,Sino-Tibetan,Bodic
amd,Amdo,Eurasia,adx,Sino-Tibetan,Bodic
amt,Amdo (Themchen),Eurasia,adx,Sino-Tibetan,Bodic
gur,Gurung,Eurasia,,Sino-Tibetan,Bodic
mbo,Monumbo,Papunesia,mxk,Bogia,Bogia
trn,Terêna,South America,ter,Arawakan,Bolivia-Parana
ign,Ignaciano,South America,ign,Arawakan,Bolivia-Parana
baq,Baure,South America,brg,Arawakan,Bolivia-Parana
big,Binga,Africa,yul,Central Sudanic,Bongo-Bagirmi
yul,Yulu,Africa,yul,Central Sudanic,Bongo-Bagirmi
ngm,Ngambay,Africa,sba,Central Sudanic,Bongo-Bagirmi
mby,Mbay,Africa,myb,Central Sudanic,Bongo-Bagirmi
mgq,Mango,Africa,mge,Central Sudanic,Bongo-Bagirmi
ken,Kenga,Africa,kyq,Central Sudanic,Bongo-Bagirmi
gul,Gula (in Central African Republic),Africa,kcm,Central Sudanic,Bongo-Bagirmi
kar,Kara (in Central African Republic),Africa,kah,Central Sudanic,Bongo-Bagirmi
bgr,Bagiro,Africa,fuu,Central Sudanic,Bongo-Bagirmi
bgo,Bongo,Africa,bot,Central Sudanic,Bongo-Bagirmi
bag,Bagirmi,Africa,bmi,Central Sudanic,Bongo-Bagirmi
jmo,Jur Mödö,Africa,bex,Central Sudanic,Bongo-Bagirmi
bka,Baka (in South Sudan),Africa,bdh,Central Sudanic,Bongo-Bagirmi
bor,Bora,South America,boa,Boran,Boran
mui,Muinane,South America,bmr,Boran,Boran
wrs,Waris,Papunesia,wrs,Border,Border
mem,Manem,Papunesia,jet,Border,Border
imo,Imonda,Papunesia,imn,Border,Border
awy,Awyi,Papunesia,auw,Border,Border
amn,Amanab,Papunesia,amn,Border,Border
brr,Bororo,South America,bor,Bororoan,Bororoan
edo,Edolo,Papunesia,etr,Trans-New Guinea,Bosavi
kll,Kaluli,Papunesia,bco,Trans-New Guinea,Bosavi
kac,Kachari,Eurasia,xac,Sino-Tibetan,Brahmaputran
tvt,Tutsa,Eurasia,tvt,Sino-Tibetan,Brahmaputran
kok,Kokborok,Eurasia,trp,Sino-Tibetan,Brahmaputran
jug,Jugli,Eurasia,nst,Sino-Tibetan,Brahmaputran
lun,Lungchang,Eurasia,nst,Sino-Tibetan,Brahmaputran
noc,Nocte,Eurasia,njb,Sino-Tibetan,Brahmaputran
chg,Chang,Eurasia,nbc,Sino-Tibetan,Brahmaputran
jng,Jingpho,Eurasia,kac,Sino-Tibetan,Brahmaputran
gar,Garo,Eurasia,grt,Sino-Tibetan,Brahmaputran
dms,Dimasa,Eurasia,dis,Sino-Tibetan,Brahmaputran
deu,Deuri,Eurasia,der,Sino-Tibetan,Brahmaputran
bod,Bodo,Eurasia,brx,Sino-Tibetan,Brahmaputran
mrr,Maringarr,Australia,zmt,Western Daly,Bringen
mrh,Marrithiyel,Australia,mfr,Western Daly,Bringen
lua,Lua,Africa,nie,Niger-Congo,Bua
gir,Gula Iro,Africa,glj,Niger-Congo,Bua
mkl,Maklew,Papunesia,mgf,Bulaka River,Bulaka River
ylm,Yelmek,Papunesia,jel,Bulaka River,Bulaka River
goo,Gooniyandi,Australia,gni,Bunuban,Bunuban
bnb,Bunuba,Australia,bck,Bunuban,Bunuban
grg,Gurr-goni,Australia,gge,Mangrida,Burarran
bua,Burarra,Australia,bvr,Mangrida,Burarran
lal,Lalo,Eurasia,ywt,Sino-Tibetan,Burmese-Lolo
yiw,Yi (Wuding-Luquan),Eurasia,ywq,Sino-Tibetan,Burmese-Lolo
akm,Arakanese (Marma),Eurasia,rmz,Sino-Tibetan,Burmese-Lolo
nus,Nusu,Eurasia,nuf,Sino-Tibetan,Burmese-Lolo
brm,Burmese,Eurasia,mya,Sino-Tibetan,Burmese-Lolo
mru,Maru,Eurasia,mhx,Sino-Tibetan,Burmese-Lolo
lis,Lisu,Eurasia,lis,Sino-Tibetan,Burmese-Lolo
lah,Lahu,Eurasia,lhu,Sino-Tibetan,Burmese-Lolo
jin,Jino,Eurasia,jiu,Sino-Tibetan,Burmese-Lolo
yi,Nuosu,Eurasia,iii,Sino-Tibetan,Burmese-Lolo
han,Hani,Eurasia,hni,Sino-Tibetan,Burmese-Lolo
akh,Akha,Eurasia,ahk,Sino-Tibetan,Burmese-Lolo
acn,Achang,Eurasia,acn,Sino-Tibetan,Burmese-Lolo
biu,Bisu,Eurasia,,Sino-Tibetan,Burmese-Lolo
bur,Burushaski,Eurasia,bsk,Burushaski,Burushaski
nuk,Nukak,South America,mbr,Cacua-Nukak,Cacua-Nukak
cac,Cacua,South America,cbv,Cacua-Nukak,Cacua-Nukak
cad,Caddo,North America,cad,Caddoan,Caddo
yaq,Yaqui,North America,yaq,Uto-Aztecan,Cahita
myo,Mayo,North America,mfy,Uto-Aztecan,Cahita
jeb,Jebero,South America,jeb,Cahuapanan,Cahuapanan
chy,Chayahuita,South America,cbt,Cahuapanan,Cahuapanan
cam,Camsá,South America,kbh,Camsá,Camsá
can,Candoshi,South America,cbu,Candoshi,Candoshi
noo,Noon,Africa,snf,Niger-Congo,Cangin
ndt,Ndut,Africa,ndv,Niger-Congo,Cangin
plr,Palor,Africa,fap,Niger-Congo,Cangin
ykp,Yukpa,South America,yup,Cariban,Cariban
wyn,Wayana,South America,way,Cariban,Cariban
wai,Wai Wai,South America,waw,Cariban,Cariban
tir,Tiriyo,South America,tri,Cariban,Cariban
pnr,Panare,South America,pbh,Cariban,Cariban
cde,Carib (De'kwana),South America,mch,Cariban,Cariban
mpy,Mapoyo,South America,mcg,Cariban,Cariban
mac,Macushi,South America,mbc,Cariban,Cariban
kkq,Kuikúro,South America,kui,Cariban,Cariban
jpr,Japreria,South America,jru,Cariban,Cariban
hix,Hixkaryana,South America,hix,Cariban,Cariban
crj,Carijona,South America,cbd,Cariban,Cariban
guq,Guaque,South America,cbd,Cariban,Cariban
hia,Hianacoto,South America,cbd,Cariban,Cariban
umu,Umaua,South America,cbd,Cariban,Cariban
car,Carib,South America,car,Cariban,Cariban
bki,Bakairí,South America,bkq,Cariban,Cariban
apl,Apalaí,South America,apy,Cariban,Cariban
pem,Pemon,South America,aoc,Cariban,Cariban
akw,Akawaio,South America,ake,Cariban,Cariban
ctw,Catawba,North America,chc,Siouan,Catawban
cyv,Cayuvava,South America,cyb,Cayuvava,Cayuvava
wlo,Wolio,Papunesia,wlo,Austronesian,Celebic
uma,Uma,Papunesia,ppk,Austronesian,Celebic
pna,Pamona,Papunesia,pmf,Austronesian,Celebic
pad,Padoe,Papunesia,pdo,Austronesian,Celebic
npu,Napu,Papunesia,npy,Austronesian,Celebic
mna,Muna,Papunesia,mnb,Austronesian,Celebic
kli,Kaili,Papunesia,lew,Austronesian,Celebic
lje,Lauje,Papunesia,law,Austronesian,Celebic
daa,Da'a,Papunesia,kzf,Austronesian,Celebic
blk,Balantak,Papunesia,blz,Austronesian,Celebic
bgg,Banggai,Papunesia,bgz,Austronesian,Celebic
tuk,Tukang Besi,Papunesia,,Austronesian,Celebic
mnx,Manx,Eurasia,glv,Indo-European,Celtic
ird,Irish (Donegal),Eurasia,gle,Indo-European,Celtic
iri,Irish,Eurasia,gle,Indo-European,Celtic
irm,Irish (Munster),Eurasia,gle,Indo-European,Celtic
gae,Gaelic (Scots),Eurasia,gla,Indo-European,Celtic
wec,Welsh (Colloquial),Eurasia,cym,Indo-European,Celtic
wel,Welsh,Eurasia,cym,Indo-European,Celtic
crn,Cornish,Eurasia,cor,Indo-European,Celtic
bre,Breton,Eurasia,bre,Indo-European,Celtic
wur,Waurá,South America,wau,Arawakan,Central Arawakan
prc,Paresi,South America,pab,Arawakan,Central Arawakan
bln,Bilin,Africa,byn,Afro-Asiatic,Central Cushitic
awn,Awngi,Africa,awn,Afro-Asiatic,Central Cushitic
kem,Kemant,Africa,ahg,Afro-Asiatic,Central Cushitic
obg,Ogbronuagum,Africa,ogu,Niger-Congo,Central Delta
ogb,Ogbia,Africa,ogb,Niger-Congo,Central Delta
duk,Duka,Africa,dud,Niger-Congo,Central Kainji
amo,Amo,Africa,amo,Niger-Congo,Central Kainji
kpm,Kapampangan,Papunesia,pam,Austronesian,Central Luzon
keo,Keo,Papunesia,xxk,Austronesian,Central Malayo-Polynesian
kam,Kambera,Papunesia,xbr,Austronesian,Central Malayo-Polynesian
tgn,Tugun,Papunesia,tzn,Austronesian,Central Malayo-Polynesian
tgw,Tarangan (West),Papunesia,txn,Austronesian,Central Malayo-Polynesian
rti,Roti,Papunesia,twu,Austronesian,Central Malayo-Polynesian
ttd,Tetun Dili,Papunesia,tet,Austronesian,Central Malayo-Polynesian
ttn,Tetun,Papunesia,tet,Austronesian,Central Malayo-Polynesian
sru,Selaru,Papunesia,slu,Austronesian,Central Malayo-Polynesian
lmh,Lamaholot,Papunesia,slp,Austronesian,Central Malayo-Polynesian
sik,Sika,Papunesia,ski,Austronesian,Central Malayo-Polynesian
plh,Paulohi,Papunesia,plh,Austronesian,Central Malayo-Polynesian
nua,Nuaulu,Papunesia,nxl,Austronesian,Central Malayo-Polynesian
ngd,Ngad'a,Papunesia,nxg,Austronesian,Central Malayo-Polynesian
mng,Manggarai,Papunesia,mqy,Austronesian,Central Malayo-Polynesian
buu,Buru,Papunesia,mhs,Austronesian,Central Malayo-Polynesian
let,Leti,Papunesia,lti,Austronesian,Central Malayo-Polynesian
wet,Wetan,Papunesia,lex,Austronesian,Central Malayo-Polynesian
koo,Kola,Papunesia,kvv,Austronesian,Central Malayo-Polynesian
dob,Dobel,Papunesia,kvo,Austronesian,Central Malayo-Polynesian
ked,Kedang,Papunesia,ksx,Austronesian,Central Malayo-Polynesian
ksr,Kisar,Papunesia,kje,Austronesian,Central Malayo-Polynesian
kei,Kei,Papunesia,kei,Austronesian,Central Malayo-Polynesian
ymd,Yamdena,Papunesia,jmd,Austronesian,Central Malayo-Polynesian
saw,Sawu,Papunesia,hvn,Austronesian,Central Malayo-Polynesian
frd,Fordata,Papunesia,frd,Austronesian,Central Malayo-Polynesian
bim,Bima,Papunesia,bhp,Austronesian,Central Malayo-Polynesian
tse,Timorese,Papunesia,aoz,Austronesian,Central Malayo-Polynesian
aln,Alune,Papunesia,alp,Austronesian,Central Malayo-Polynesian
lrk,Larike,Papunesia,alo,Austronesian,Central Malayo-Polynesian
ao,Ao,Eurasia,njo,Sino-Tibetan,Central Naga
lot,Lotha,Eurasia,njh,Sino-Tibetan,Central Naga
kaq,Kaurna,Australia,zku,Pama-Nyungan,Central Pama-Nyungan
inn,Innamincka,Australia,ynd,Pama-Nyungan,Central Pama-Nyungan
wan,Wangkumara,Australia,xwk,Pama-Nyungan,Central Pama-Nyungan
wir,Wirangu,Australia,wgu,Pama-Nyungan,Central Pama-Nyungan
wgg,Wangkangurru,Australia,wgg,Pama-Nyungan,Central Pama-Nyungan
ppi,Pitta Pitta,Australia,pit,Pama-Nyungan,Central Pama-Nyungan
kyt,Kaytej,Australia,gbb,Pama-Nyungan,Central Pama-Nyungan
pkn,Paakantyi,Australia,drl,Pama-Nyungan,Central Pama-Nyungan
diy,Diyari,Australia,dif,Pama-Nyungan,Central Pama-Nyungan
bnl,Banggarla,Australia,bjb,Pama-Nyungan,Central Pama-Nyungan
awe,Arrernte (Western),Australia,are,Pama-Nyungan,Central Pama-Nyungan
abn,Arabana,Australia,ard,Pama-Nyungan,Central Pama-Nyungan
aly,Alyawarra,Australia,aly,Pama-Nyungan,Central Pama-Nyungan
amp,Arrernte (Mparntwe),Australia,aer,Pama-Nyungan,Central Pama-Nyungan
adn,Adynyamathanha,Australia,adt,Pama-Nyungan,Central Pama-Nyungan
arr,Arrernte,Australia,,Pama-Nyungan,Central Pama-Nyungan
twa,Twana,North America,twa,Salishan,Central Salish
lum,Lummi,North America,str,Salishan,Central Salish
sch,Saanich,North America,str,Salishan,Central Salish
sgs,Songish,North America,str,Salishan,Central Salish
soo,Sooke,North America,str,Salishan,Central Salish
sss,Salish (Samish Straits),North America,str,Salishan,Central Salish
sst,Salish (Straits),North America,str,Salishan,Central Salish
squ,Squamish,North America,squ,Salishan,Central Salish
sps,Salish (Southern Puget Sound),North America,slh,Salishan,Central Salish
lus,Lushootseed,North America,lut,Salishan,Central Salish
hli,Halkomelem (Island),North America,hur,Salishan,Central Salish
hlu,Halkomelem (Upriver),North America,hur,Salishan,Central Salish
msq,Musqueam,North America,hur,Salishan,Central Salish
cmx,Comox,North America,coo,Salishan,Central Salish
cla,Clallam,North America,clm,Salishan,Central Salish
iau,Iau,Papunesia,tmu,Lakes Plain,Central Tariku
olo,Olo,Papunesia,ong,Torricelli,Central Wapei
au,Au,Papunesia,avt,Torricelli,Central Wapei
cha,Chamorro,Papunesia,cha,Austronesian,Chamorro
war,Wari',South America,pav,Chapacura-Wanham,Chapacura-Wanham
msc,Muisca,South America,chb,Chibchan,Chibcha-Duit
cjo,Chichimeca-Jonaz,North America,pei,Oto-Manguean,Chichimec
cmk,Chemakum,North America,xch,Chimakuan,Chimakuan
qui,Quileute,North America,qui,Chimakuan,Chimakuan
chi,Chimariko,North America,cid,Hokan,Chimariko
kgl,Umbu Ungu,Papunesia,ubu,Trans-New Guinea,Chimbu-Wahgi
tba,Tabare,Papunesia,sst,Trans-New Guinea,Chimbu-Wahgi
syu,Salt-Yui,Papunesia,sll,Trans-New Guinea,Chimbu-Wahgi
mav,Maring,Papunesia,mbw,Trans-New Guinea,Chimbu-Wahgi
kmn,Kuman,Papunesia,kue,Trans-New Guinea,Chimbu-Wahgi
gln,Golin,Papunesia,gvf,Trans-New Guinea,Chimbu-Wahgi
cve,Chuave,Papunesia,cjv,Trans-New Guinea,Chimbu-Wahgi
wah,Wahgi,Papunesia,,Trans-New Guinea,Chimbu-Wahgi
cma,Chimila,South America,cbg,Chibchan,Chimila
csf,Chinantec (San Felipe Usila),North America,cuc,Oto-Manguean,Chinantecan
csc,Chinantec (Sochiapan),North America,cso,Oto-Manguean,Chinantecan
cpl,Chinantec (Palantla),North America,cpa,Oto-Manguean,Chinantecan
cte,Chinantec (Tepetotutla),North America,cnt,Oto-Manguean,Chinantecan
cle,Chinantec (Lealao),North America,cle,Oto-Manguean,Chinantecan
chq,Chinantec (Quiotepec),North America,chq,Oto-Manguean,Chinantecan
ccm,Chinantec (Comaltepec),North America,cco,Oto-Manguean,Chinantecan
cnt,Cantonese,Eurasia,yue,Sino-Tibetan,Chinese
wuc,Wu,Eurasia,wuu,Sino-Tibetan,Chinese
hok,Min (Southern),Eurasia,nan,Sino-Tibetan,Chinese
hak,Hakka,Eurasia,hak,Sino-Tibetan,Chinese
kug,Kunming,Eurasia,cmn,Sino-Tibetan,Chinese
mnd,Mandarin,Eurasia,cmn,Sino-Tibetan,Chinese
fuz,Fuzhou,Eurasia,cdo,Sino-Tibetan,Chinese
cku,Chinook (Upper),North America,wac,Penutian,Chinookan
ckl,Chinook (Lower),North America,chh,Penutian,Chinookan
ktm,Kathlamet,North America,,Penutian,Chinookan
cqt,Chiquitano,South America,cax,Chiquitano,Chiquitano
ctm,Chitimacha,North America,ctm,Chitimacha,Chitimacha
epe,Epena Pedee,South America,sja,Choco,Choco
wau,Waunana,South America,noa,Choco,Choco
emb,Emberá (Northern),South America,emp,Choco,Choco
cat,Catio,South America,cto,Choco,Choco
emc,Embera Chami,South America,cmi,Choco,Choco
teh,Tehuelche,South America,teh,Chonan,Chonan Proper
sel,Selknam,South America,ona,Chonan,Chonan Proper
cin,Chumash (Ineseño),North America,inz,Chumash,Chumash
cba,Chumash (Barbareño),North America,boi,Chumash,Chumash
coa,Coahuilteco,North America,xcw,Coahuiltecan,Coahuiltecan
cof,Cofán,South America,con,Cofán,Cofán
cmc,Comecrudo,North America,xcm,Hokan,Comecrudan
coo,Coos (Hanis),North America,csz,Oregon Coast,Coosan
hui,Huichol,North America,hch,Uto-Aztecan,Corachol
cor,Cora,North America,crn,Uto-Aztecan,Corachol
wer,Weri,Papunesia,wer,Trans-New Guinea,Core Goilalan
kmp,Kunimaipa,Papunesia,kup,Trans-New Guinea,Core Goilalan
mut,Mutsun,North America,css,Penutian,Costanoan
cos,Rumsien,North America,,Penutian,Costanoan
tpi,Tok Pisin,Papunesia,tpi,other,Creoles and Pidgins
bro,Broken,Australia,tcs,other,Creoles and Pidgins
sra,Sranan,South America,srn,other,Creoles and Pidgins
srm,Saramaccan,South America,srm,other,Creoles and Pidgins
kfc,Kriol (Fitzroy Crossing),Australia,rop,other,Creoles and Pidgins
knq,Kriol (Ngukurr),Australia,rop,other,Creoles and Pidgins
pri,Príncipense,Africa,pre,other,Creoles and Pidgins
gbc,Guinea Bissau Crioulo,Africa,pov,other,Creoles and Pidgins
npi,Nigerian Pidgin,Africa,pcm,other,Creoles and Pidgins
pap,Papiamentu,North America,pap,other,Creoles and Pidgins
npn,Naga Pidgin,Eurasia,nag,other,Creoles and Pidgins
mcr,Mauritian Creole,Africa,mfe,other,Creoles and Pidgins
mlc,Malacca Creole,Eurasia,mcm,other,Creoles and Pidgins
ktb,Kituba,Africa,ktu,other,Creoles and Pidgins
nub,Nubi,Africa,kcn,other,Creoles and Pidgins
jcr,Jamaican Creole,North America,jam,other,Creoles and Pidgins
hwc,Hawaiian Creole,North America,hwc,other,Creoles and Pidgins
hcr,Haitian Creole,North America,hat,other,Creoles and Pidgins
gfr,Guianese French Creole,South America,gcr,other,Creoles and Pidgins
gdl,Guadeloupe Creole,North America,gcf,other,Creoles and Pidgins
mqc,Martinique Creole,North America,gcf,other,Creoles and Pidgins
ndy,Ndyuka,South America,djk,other,Creoles and Pidgins
sey,Seychelles Creole,Eurasia,crs,other,Creoles and Pidgins
tay,Tayo,Papunesia,cks,other,Creoles and Pidgins
cvc,Chavacano,Papunesia,cbk,other,Creoles and Pidgins
mce,Mískito Coast English Creole,North America,bzk,other,Creoles and Pidgins
bdc,Berbice Dutch Creole,South America,brc,other,Creoles and Pidgins
bsm,Bislama,Papunesia,bis,other,Creoles and Pidgins
meb,Melayu Betawi,Papunesia,bew,other,Creoles and Pidgins
ago,Angolar,Africa,aoa,other,Creoles and Pidgins
lcr,Lesser Antillean French Creole,North America,,other,Creoles and Pidgins
rcp,Russian-Chinese Pidgin (Birobidjan),Eurasia,,other,Creoles and Pidgins
ctc,Cuicatec,North America,,Oto-Manguean,Cuicatec
cut,Cuitlatec,North America,cuy,Cuitlatec,Cuitlatec
dag,Daga,Papunesia,dgz,Trans-New Guinea,Dagan
dah,Dahalo,Africa,dal,Afro-Asiatic,Dahalo
sht,Shatt,Africa,shj,Eastern Sudanic,Daju
sil,Sila,Africa,dau,Eastern Sudanic,Daju
ddf,Daju (Dar Fur),Africa,daj,Eastern Sudanic,Daju
yli,Yali,Papunesia,yli,Trans-New Guinea,Dani
dni,Dani (Lower Grand Valley),Papunesia,dni,Trans-New Guinea,Dani
drg,Dargwa,Eurasia,dar,Nakh-Daghestanian,Dargwic
day,Day,Africa,dai,Niger-Congo,Day
yor,Yoruba,Africa,yor,Niger-Congo,Defoid
ise,Isekiri,Africa,its,Niger-Congo,Defoid
dhm,Dhimal,Eurasia,dhi,Sino-Tibetan,Dhimalic
dig,Digaro,Eurasia,mhu,Sino-Tibetan,Digaroan
idu,Idu,Eurasia,clk,Sino-Tibetan,Digaroan
diz,Dizi,Africa,mdx,Afro-Asiatic,Dizoid
dji,Djingili,Australia,jig,Mirndi,Djingili
dts,Toro So,Africa,dts,Dogon,Dogon
tms,Tommo So,Africa,dto,Dogon,Dogon
jms,Jamsay,Africa,djm,Dogon,Dogon
dds,Donno So,Africa,dds,Dogon,Dogon
bkb,Betta Kurumba,Eurasia,xub,Dravidian,Dravidian
tel,Telugu,Eurasia,tel,Dravidian,Dravidian
tul,Tulu,Eurasia,tcy,Dravidian,Dravidian
tda,Toda,Eurasia,tcx,Dravidian,Dravidian
tml,Tamil,Eurasia,tam,Dravidian,Dravidian
tsp,Tamil (Spoken),Eurasia,tam,Dravidian,Dravidian
pen,Pengo,Eurasia,peg,Dravidian,Dravidian
prd,Parji (Dravidian),Eurasia,pci,Dravidian,Dravidian
mym,Malayalam,Eurasia,mal,Dravidian,Dravidian
kuv,Kuvi,Eurasia,kxv,Dravidian,Dravidian
kui,Kui (in India),Eurasia,kxu,Dravidian,Dravidian
kur,Kurukh,Eurasia,kru,Dravidian,Dravidian
mto,Malto,Eurasia,kmj,Dravidian,Dravidian
koy,Koya,Eurasia,kff,Dravidian,Dravidian
kot,Kota,Eurasia,kfe,Dravidian,Dravidian
kda,Konda,Eurasia,kfc,Dravidian,Dravidian
kol,Kolami,Eurasia,kfb,Dravidian,Dravidian
kod,Kodava,Eurasia,kfa,Dravidian,Dravidian
knd,Kannada,Eurasia,kan,Dravidian,Dravidian
gon,Gondi,Eurasia,gno,Dravidian,Dravidian
gdk,Gadaba (Kondekor),Eurasia,gdb,Dravidian,Dravidian
brh,Brahui,Eurasia,brh,Dravidian,Dravidian
bdg,Badaga,Eurasia,bfq,Dravidian,Dravidian
wbn,Wambon,Papunesia,wms,Trans-New Guinea,Dumut
dun,Duna,Papunesia,duc,Duna-Bogaya,Duna
sgb,Sougb,Papunesia,mnx,East Bird's Head,East Bird's Head
mea,Meyah,Papunesia,mej,East Bird's Head,East Bird's Head
tmk,Tumak,Africa,tmc,Afro-Asiatic,East Chadic
mko,Mokilko,Africa,moz,Afro-Asiatic,East Chadic
mig,Migama,Africa,mmy,Afro-Asiatic,East Chadic
lel,Lele,Africa,lln,Afro-Asiatic,East Chadic
ker,Kera,Africa,ker,Afro-Asiatic,East Chadic
dnw,Dangaléat (Western),Africa,daa,Afro-Asiatic,East Chadic
bid,Bidiya,Africa,bid,Afro-Asiatic,East Chadic
sry,Siraya,Papunesia,fos,Austronesian,East Formosan
ami,Amis,Papunesia,ami,Austronesian,East Formosan
nmd,Samo,Papunesia,smq,Trans-New Guinea,East Strickland
skr,Sikaritai,Papunesia,tty,Lakes Plain,East Tariku
dou,Doutai,Papunesia,tds,Lakes Plain,East Tariku
obk,Obokuitai,Papunesia,afz,Lakes Plain,East Tariku
mkj,Makasae,Papunesia,mkz,Greater West Bomberai,East Timor
yil,Yil,Papunesia,yll,Torricelli,East Wapei
nin,Ningil,Papunesia,niz,Torricelli,East Wapei
mdl,Matngele,Australia,zml,Eastern Daly,Eastern Daly
kmw,Kamu,Australia,xmu,Eastern Daly,Eastern Daly
rmb,Rembarnga,Australia,rmb,Gunwinyguan,Eastern Gunwinyguan
ngl,Ngalakan,Australia,nig,Gunwinyguan,Eastern Gunwinyguan
ngn,Ngandi,Australia,nid,Gunwinyguan,Eastern Gunwinyguan
igs,Ingessana,Africa,tbi,Eastern Sudanic,Eastern Jebel
wna,Wan,Africa,wan,Mande,Eastern Mande
bnq,Beng,Africa,nhb,Mande,Eastern Mande
man,Mano,Africa,mev,Mande,Eastern Mande
gro,Guro,Africa,goa,Mande,Eastern Mande
dan,Dan,Africa,dnj,Mande,Eastern Mande
bus,Busa,Africa,bqp,Mande,Eastern Mande
bok,Boko,Africa,bqc,Mande,Eastern Mande
bis,Bisa,Africa,bib,Mande,Eastern Mande
tna,Turkana,Africa,tuv,Eastern Sudanic,Eastern Nilotic
tes,Teso,Africa,teo,Eastern Sudanic,Eastern Nilotic
nan,Nandi,Africa,niq,Eastern Sudanic,Eastern Nilotic
maa,Maasai,Africa,mas,Eastern Sudanic,Eastern Nilotic
kmj,Karimojong,Africa,kdj,Eastern Sudanic,Eastern Nilotic
bar,Bari,Africa,bfa,Eastern Sudanic,Eastern Nilotic
kyr,Karkar-Yuri,Papunesia,yuj,Pauwasi,Eastern Pauwasi
zag,Beria,Africa,zag,Saharan,Eastern Saharan
mer,Meryam Mir,Papunesia,ulk,Eastern Trans-Fly,Eastern Trans-Fly
urh,Urhobo,Africa,urh,Niger-Congo,Edoid
iso,Isoko,Africa,iso,Niger-Congo,Edoid
ets,Etsako,Africa,ets,Niger-Congo,Edoid
egn,Engenni,Africa,enn,Niger-Congo,Edoid
ora,Emai,Africa,ema,Niger-Congo,Edoid
deg,Degema,Africa,deg,Niger-Congo,Edoid
bni,Bini,Africa,bin,Niger-Congo,Edoid
gho,Ghotuo,Africa,aaa,Niger-Congo,Edoid
ega,Ega,Africa,ega,Niger-Congo,Ega
cop,Coptic,Africa,cop,Afro-Asiatic,Egyptian-Coptic
nke,Nkem,Africa,isi,Niger-Congo,Ekoid-Mbe
eja,Ejagham,Africa,etu,Niger-Congo,Ekoid-Mbe
toa,Toaripi,Papunesia,tqo,Eleman,Eleman
orl,Orokolo,Papunesia,oro,Eleman,Eleman
awi,Aekyom,Papunesia,awi,Kamula-Elevala,Elevala
kyk,Kyaka,Papunesia,kyc,Trans-New Guinea,Enga_Kewa-Huli
kew,Kewa,Papunesia,kew,Trans-New Guinea,Enga_Kewa-Huli
ena,Enga,Papunesia,enq,Trans-New Guinea,Enga_Kewa-Huli
eno,Enggano,Papunesia,eno,Austronesian,Enggano
ysi,Yupik (Sirenik),Eurasia,ysr,Eskimo-Aleut,Eskimo
yna,Yupik (Naukan),Eurasia,ynk,Eskimo-Aleut,Eskimo
gre,Greenlandic (East),Eurasia,kal,Eskimo-Aleut,Eskimo
grw,Greenlandic (West),Eurasia,kal,Eskimo-Aleut,Eskimo
gso,Greenlandic (South),Eurasia,kal,Eskimo-Aleut,Eskimo
kgt,Kangiryuarmiut,North America,ikt,Eskimo-Aleut,Eskimo
inr,Inuktitut (Aivilingmiutut),North America,ike,Eskimo-Aleut,Eskimo
ins,Inuktitut (Salluit),North America,ike,Eskimo-Aleut,Eskimo
iql,Inuktitut (Quebec-Labrador),North America,ike,Eskimo-Aleut,Eskimo
ych,Yup'ik (Chevak),North America,esu,Eskimo-Aleut,Eskimo
ypk,Yup'ik (Central),North America,esu,Eskimo-Aleut,Eskimo
yun,Yup'ik (Norton Sound),North America,esu,Eskimo-Aleut,Eskimo
ysl,Yupik (St. Lawrence Island),Eurasia,ess,Eskimo-Aleut,Eskimo
yus,Yupik (Siberian),Eurasia,ess,Eskimo-Aleut,Eskimo
inu,Iñupiaq,North America,esi,Eskimo-Aleut,Eskimo
atq,Alutiiq,North America,ems,Eskimo-Aleut,Eskimo
ess,Esselen,North America,esq,Esselen,Esselen
eya,Eyak,North America,eya,Na-Dene,Eyak
fas,Fasu,Papunesia,faa,Trans-New Guinea,Fasu
wnt,Wantoat,Papunesia,wnc,Trans-New Guinea,Finisterre
rwa,Rawa,Papunesia,rwo,Trans-New Guinea,Finisterre
nnk,Nankina,Papunesia,nnk,Trans-New Guinea,Finisterre
vot,Votic,Eurasia,vot,Uralic,Finnic
vep,Veps,Eurasia,vep,Uralic,Finnic
liv,Liv,Eurasia,liv,Uralic,Finnic
krl,Karelian,Eurasia,krl,Uralic,Finnic
izh,Izhor,Eurasia,izh,Uralic,Finnic
fin,Finnish,Eurasia,fin,Uralic,Finnic
est,Estonian,Eurasia,ekk,Uralic,Finnic
foe,Foe,Papunesia,foi,Trans-New Guinea,Foe
for,Fore,Papunesia,for,Trans-New Guinea,Fore-Gimi
ful,Fulniô,South America,fun,Fulniô,Fulniô
fur,Fur,Africa,fvr,Fur,Fur
ga,Gã,Africa,gaa,Niger-Congo,Ga-Dangme
gaa,Gaagudju,Australia,gbu,Gaagudju,Gaagudju
gad,Gade,Africa,ged,Niger-Congo,Gade
gah,Gahuku,Papunesia,gah,Trans-New Guinea,Gahuku
grr,Garrwa,Australia,wrk,Garrwan,Garrwan
usr,Usarufa,Papunesia,usa,Trans-New Guinea,Gauwa
gds,Gadsup,Papunesia,gaj,Trans-New Guinea,Gauwa
awa,Awa,Papunesia,awb,Trans-New Guinea,Gauwa
auy,Auyana,Papunesia,auy,Trans-New Guinea,Gauwa
aga,Agarabi,Papunesia,agd,Trans-New Guinea,Gauwa
ngb,Ngbaka (Minagende),Africa,nga,Niger-Congo,Gbaya-Manza-Ngbaka
gbk,Gbaya (Northwest),Africa,gya,Niger-Congo,Gbaya-Manza-Ngbaka
gbs,Gbaya (Southwest),Africa,gso,Niger-Congo,Gbaya-Manza-Ngbaka
mdo,Mbodomo,Africa,gmm,Niger-Congo,Gbaya-Manza-Ngbaka
gbb,Gbeya Bossangoa,Africa,gbp,Niger-Congo,Gbaya-Manza-Ngbaka
guw,Gungbe,Africa,guw,Niger-Congo,Gbe
fon,Fongbe,Africa,fon,Niger-Congo,Gbe
ewa,Ewe (Anlo),Africa,ewe,Niger-Congo,Gbe
ewe,Ewe,Africa,ewe,Niger-Congo,Gbe
ajg,Ajagbe,Africa,ajg,Niger-Congo,Gbe
bzi,Bauzi,Papunesia,bvz,Geelvink Bay,Geelvink Bay
,,,,,
duz,Dutch (Zeeuws),Eurasia,zea,Indo-European,Germanic
ydb,Yiddish (Bessarabian),Eurasia,ydd,Indo-European,Germanic
ydd,Yiddish,Eurasia,ydd,Indo-European,Germanic
ydl,Yiddish (Lodz),Eurasia,ydd,Indo-European,Germanic
ylt,Yiddish (Lithuanian),Eurasia,ydd,Indo-European,Germanic
gwe,German (Westphalian),Eurasia,wep,Indo-European,Germanic
swe,Swedish,Eurasia,swe,Indo-European,Germanic
swv,Swedish (Västerbotten),Eurasia,swe,Indo-European,Germanic
nor,Norwegian,Eurasia,nor,Indo-European,Germanic
dbr,Dutch (Brabantic),Eurasia,nld,Indo-European,Germanic
dli,Dutch (Limburg),Eurasia,nld,Indo-European,Germanic
dut,Dutch,Eurasia,nld,Indo-European,Germanic
lge,Low German,Eurasia,nds,Indo-European,Germanic
lux,Luxemburgeois,Eurasia,ltz,Indo-European,Germanic
grp,German (Ripuarian),Eurasia,ksh,Indo-European,Germanic
ice,Icelandic,Eurasia,isl,Indo-European,Germanic
alt,Alsatian,Eurasia,gsw,Indo-European,Germanic
gbe,German (Bern),Eurasia,gsw,Indo-European,Germanic
gos,German (Ostschweiz),Eurasia,gsw,Indo-European,Germanic
gpz,German (Appenzell),Eurasia,gsw,Indo-European,Germanic
gtg,German (Thurgau),Eurasia,gsw,Indo-European,Germanic
gzu,German (Zurich),Eurasia,gsw,Indo-European,Germanic
fri,Frisian,Eurasia,fry,Indo-European,Germanic
frw,Frisian (Western),Eurasia,fry,Indo-European,Germanic
fea,Frisian (Eastern),Eurasia,frs,Indo-European,Germanic
fno,Frisian (North),Eurasia,frr,Indo-European,Germanic
far,Faroese,Eurasia,fao,Indo-European,Germanic
eng,English,Eurasia,eng,Indo-European,Germanic
gbl,German (Berlin),Eurasia,deu,Indo-European,Germanic
ger,German,Eurasia,deu,Indo-European,Germanic
gha,German (Hannover),Eurasia,deu,Indo-European,Germanic
gma,German (Mansfeldisch),Eurasia,deu,Indo-European,Germanic
gth,German (Thuringian),Eurasia,deu,Indo-European,Germanic
gti,German (Timisoara),Eurasia,deu,Indo-European,Germanic
dsh,Danish,Eurasia,dan,Indo-European,Germanic
gau,German (Upper Austrian),Eurasia,bar,Indo-European,Germanic
gba,German (Bavarian),Eurasia,bar,Indo-European,Germanic
gvi,German (Viennese),Eurasia,bar,Indo-European,Germanic
afr,Afrikaans,Africa,afr,Indo-European,Germanic
gog,Gogodala,Papunesia,ggw,Trans-New Guinea,Gogodala
gol,Gola,Africa,gol,Niger-Congo,Gola
apk,A-Pucikwar,Eurasia,apq,Great Andamanese,Great Andamanese
gan,Great Andamanese,Eurasia,apq,Great Andamanese,Great Andamanese
akk,Aka-Kede,Eurasia,akx,Great Andamanese,Great Andamanese
akc,Aka-Cari,Eurasia,aci,Great Andamanese,Great Andamanese
akb,Aka-Biada,Eurasia,abj,Great Andamanese,Great Andamanese
wwy,Waray-Waray,Papunesia,war,Austronesian,Greater Central Philippine
tsg,Tausug,Papunesia,tsg,Austronesian,Greater Central Philippine
tag,Tagalog,Papunesia,tgl,Austronesian,Greater Central Philippine
tgb,Tagbanwa (Aborlan),Papunesia,tbw,Austronesian,Greater Central Philippine
mrn,Maranao,Papunesia,mrw,Austronesian,Greater Central Philippine
mgd,Mongondow,Papunesia,mog,Austronesian,Greater Central Philippine
mmn,Mamanwa,Papunesia,mmn,Austronesian,Greater Central Philippine
mgn,Magindanao,Papunesia,mdh,Austronesian,Greater Central Philippine
kuz,Kulamanen,Papunesia,mbt,Austronesian,Greater Central Philippine
mwb,Manobo (Western Bukidnon),Papunesia,mbb,Austronesian,Greater Central Philippine
hnn,Hanunóo,Papunesia,hnn,Austronesian,Greater Central Philippine
hil,Hiligaynon,Papunesia,hil,Austronesian,Greater Central Philippine
grt,Gorontalo,Papunesia,gor,Austronesian,Greater Central Philippine
agd,Agta (Dupaningan),Papunesia,duo,Austronesian,Greater Central Philippine
ceb,Cebuano,Papunesia,ceb,Austronesian,Greater Central Philippine
bat,Batak,Papunesia,bya,Austronesian,Greater Central Philippine
bkd,Binukid,Papunesia,bkd,Austronesian,Greater Central Philippine
bkl,Bikol,Papunesia,bcl,Austronesian,Greater Central Philippine
akl,Aklanon,Papunesia,akl,Austronesian,Greater Central Philippine
agc,Agta (Central),Papunesia,agt,Austronesian,Greater Central Philippine
gcy,Greek (Cypriot),Eurasia,ell,Indo-European,Greek
grk,Greek (Modern),Eurasia,ell,Indo-European,Greek
ksm,Kasem,Africa,xsm,Niger-Congo,Grusi
vag,Vagla,Africa,vag,Niger-Congo,Grusi
tmp,Tampulma,Africa,tpm,Niger-Congo,Grusi
ssa,Sisaala,Africa,sil,Niger-Congo,Grusi
nnn,Nuni (Northern),Africa,nuv,Niger-Congo,Grusi
lye,Lyele,Africa,lee,Niger-Congo,Grusi
kow,Ko (Winye),Africa,kst,Niger-Congo,Grusi
tem,Tem,Africa,kdh,Niger-Congo,Grusi
kby,Kabiyé,Africa,kbp,Niger-Congo,Grusi
mcg,Macaguán,South America,mbn,Guahiban,Guahiban
gyb,Guayabero,South America,guo,Guahiban,Guahiban
ghb,Guahibo,South America,guh,Guahiban,Guahiban
pla,Playero,South America,gob,Guahiban,Guahiban
cui,Cuiba,South America,cui,Guahiban,Guahiban
goa,Goajiro,South America,guc,Arawakan,Guajiro-Paraujano
gto,Guató,South America,gta,Guató,Guató
bgl,Buglere,North America,sab,Chibchan,Guaymiic
nbr,Ngäbere,North America,gym,Chibchan,Guaymiic
guh,Guhu-Samane,Papunesia,ghs,Trans-New Guinea,Guhu-Samane
gmz,Gumuz,Africa,guk,Gumuz,Gumuz
had,Hadza,Africa,hts,Hadza,Hadza
hno,Haida (Northern),North America,hdn,Haida,Haida
hai,Haida,North America,hai,Haida,Haida
amk,Amarakaeri,South America,amr,Harakmbet,Harakmbet
hat,Hatam,Papunesia,had,Hatim-Mansim,Hatim-Mansim
otr,Otoro,Africa,otr,Kordofanian,Heiban
mro,Moro,Africa,mor,Kordofanian,Heiban
sid,Sidaama,Africa,sid,Afro-Asiatic,Highland East Cushitic
brj,Burji,Africa,bji,Afro-Asiatic,Highland East Cushitic
ybi,Yamphu,Eurasia,ybi,Sino-Tibetan,Himalayish
wme,Wambule,Eurasia,wme,Sino-Tibetan,Himalayish
hay,Hayu,Eurasia,vay,Sino-Tibetan,Himalayish
thn,Thangmi,Eurasia,thf,Sino-Tibetan,Himalayish
thu,Thulung,Eurasia,tdh,Sino-Tibetan,Himalayish
cml,Camling,Eurasia,rab,Sino-Tibetan,Himalayish
new,Newari (Kathmandu),Eurasia,new,Sino-Tibetan,Himalayish
nwd,Newar (Dolakha),Eurasia,new,Sino-Tibetan,Himalayish
msy,Magar (Syangja),Eurasia,mrd,Sino-Tibetan,Himalayish
mag,Magar,Eurasia,mgp,Sino-Tibetan,Himalayish
lim,Limbu,Eurasia,lif,Sino-Tibetan,Himalayish
lep,Lepcha,Eurasia,lep,Sino-Tibetan,Himalayish
khg,Khaling,Eurasia,klr,Sino-Tibetan,Himalayish
klg,Kulung,Eurasia,kle,Sino-Tibetan,Himalayish
kmh,Kham,Eurasia,kjl,Sino-Tibetan,Himalayish
dmi,Dumi,Eurasia,dus,Sino-Tibetan,Himalayish
cpn,Chepang,Eurasia,cdm,Sino-Tibetan,Himalayish
bel,Belhare,Eurasia,byw,Sino-Tibetan,Himalayish
ath,Athpare,Eurasia,aph,Sino-Tibetan,Himalayish
lic,Hlai (Baoding),Eurasia,lic,Tai-Kadai,Hlai
hmd,Hmong Daw,Eurasia,mww,Hmong-Mien,Hmongic
hmo,Hmong Njua,Eurasia,hnj,Hmong-Mien,Hmongic
pnu,Bunu (Younuo),Eurasia,buh,Hmong-Mien,Hmongic
cln,Cholón,South America,cht,Hobitu-Cholon,Hobitu-Cholon
alc,Allentiac,South America,,Huarpe,Huarpe
hve,Huave (San Mateo del Mar),North America,huv,Huavean,Huavean
slp,Selepet,Papunesia,spl,Trans-New Guinea,Huon
ono,Ono,Papunesia,ons,Trans-New Guinea,Huon
nab,Nabak,Papunesia,naf,Trans-New Guinea,Huon
kat,Kâte,Papunesia,kmg,Trans-New Guinea,Huon
bmr,Burum,Papunesia,bmu,Trans-New Guinea,Huon
ige,Igede,Africa,ige,Niger-Congo,Idomoid
ido,Idoma,Africa,idu,Niger-Congo,Idomoid
izi,Izi,Africa,izz,Niger-Congo,Igboid
igb,Igbo,Africa,ibo,Niger-Congo,Igboid
ijo,Ijo (Kolokuma),Africa,ijc,Ijoid,Ijoid
def,Defaka,Africa,afn,Ijoid,Ijoid
ina,Inanwatan,Papunesia,szp,South Bird's Head,Inanwatan
ved,Vedda,Eurasia,ved,Indo-European,Indic
vas,Vasavi,Eurasia,vas,Indo-European,Indic
urd,Urdu,Eurasia,urd,Indo-European,Indic
trw,Torwali,Eurasia,trw,Indo-European,Indic
skw,Shekhawati,Eurasia,swv,Indo-European,Indic
sdh,Sindhi,Eurasia,snd,Indo-European,Indic
snh,Sinhala,Eurasia,sin,Indo-European,Indic
sav,Savi,Eurasia,sdg,Indo-European,Indic
sna,Shina,Eurasia,scl,Indo-European,Indic
rka,Romani (Kalderash),Eurasia,rmy,Indo-European,Indic
rlo,Romani (Lovari),Eurasia,rmy,Indo-European,Indic
rwe,Romani (Welsh),Eurasia,rmw,Indo-European,Indic
dom,Domari,Eurasia,rmt,Indo-European,Indic
rbg,Romani (Burgenland),Eurasia,rmo,Indo-European,Indic
rav,Romani (Ajia Varvara),Eurasia,rmn,Indo-European,Indic
rbu,Romani (Bugurdzi),Eurasia,rmn,Indo-European,Indic
rse,Romani (Sepecides),Eurasia,rmn,Indo-European,Indic
rnr,Romani (North Russian),Eurasia,rml,Indo-European,Indic
pan,Panjabi,Eurasia,pan,Indo-European,Indic
oya,Oriya,Eurasia,ory,Indo-European,Indic
oko,Oriya (Kotia),Eurasia,ort,Indo-European,Indic
nep,Nepali,Eurasia,npi,Indo-European,Indic
mwc,Mawchi,Eurasia,mke,Indo-European,Indic
mhi,Marathi,Eurasia,mar,Indo-European,Indic
mai,Maithili,Eurasia,mai,Indo-European,Indic
mgh,Magahi,Eurasia,mag,Indo-European,Indic
lmn,Lamani,Eurasia,lmn,Indo-European,Indic
kkn,Konkani,Eurasia,knn,Indo-European,Indic
klh,Kalasha,Eurasia,kls,Indo-European,Indic
khw,Khowar,Eurasia,khw,Indo-European,Indic
kum,Kumauni,Eurasia,kfy,Indo-European,Indic
kkz,Kokni,Eurasia,kex,Indo-European,Indic
kas,Kashmiri,Eurasia,kas,Indo-European,Indic
hlb,Halbi,Eurasia,hlb,Indo-European,Indic
hin,Hindi,Eurasia,hin,Indo-European,Indic
kal,Kalami,Eurasia,gwc,Indo-European,Indic
guj,Gujarati,Eurasia,guj,Indo-European,Indic
goj,Gojri,Eurasia,gju,Indo-European,Indic
dar,Darai,Eurasia,dry,Indo-European,Indic
dmk,Domaaki,Eurasia,dmk,Indo-European,Indic
dhi,Dhivehi,Eurasia,div,Indo-European,Indic
dgi,Dogri,Eurasia,dgo,Indo-European,Indic
bec,Bengali (Chittagong),Eurasia,ctg,Indo-European,Indic
bkt,Brokskat,Eurasia,bkk,Indo-European,Indic
bho,Bhojpuri,Eurasia,bho,Indo-European,Indic
bhi,Bhili,Eurasia,bhb,Indo-European,Indic
bgi,Bagri,Eurasia,bgq,Indo-European,Indic
ben,Bengali,Eurasia,ben,Indo-European,Indic
awd,Awadhi,Eurasia,awa,Indo-European,Indic
ass,Assamese,Eurasia,asm,Indo-European,Indic
tho,Thompson,North America,thp,Salishan,Interior Salish
spo,Spokane,North America,spo,Salishan,Interior Salish
shu,Shuswap,North America,shs,Salishan,Interior Salish
oka,Okanagan,North America,oka,Salishan,Interior Salish
lil,Lillooet,North America,lil,Salishan,Interior Salish
kls,Kalispel,North America,fla,Salishan,Interior Salish
coe,Coeur d'Alene,North America,crd,Salishan,Interior Salish
cwe,Columbia-Wenatchi,North America,col,Salishan,Interior Salish
ygn,Yaghnobi,Eurasia,yai,Indo-European,Iranian
yaz,Yazgulyam,Eurasia,yah,Indo-European,Iranian
kbt,Kabatei,Eurasia,xkp,Indo-European,Iranian
wak,Wakhi,Eurasia,wbl,Indo-European,Iranian
vaf,Vafsi,Eurasia,vaf,Indo-European,Iranian
tmu,Tat (Muslim),Eurasia,ttt,Indo-European,Iranian
taz,Talysh (Azerbaijan),Eurasia,tly,Indo-European,Iranian
tts,Tati (Southern),Eurasia,tks,Indo-European,Iranian
taj,Tajik,Eurasia,tgk,Indo-European,Iranian
klr,Koluri,Eurasia,shm,Indo-European,Iranian
tls,Talysh (Southern),Eurasia,shm,Indo-European,Iranian
rsh,Shughni,Eurasia,sgh,Indo-European,Iranian
psh,Pashto,Eurasia,pst,Indo-European,Iranian
dri,Dari,Eurasia,prs,Indo-European,Iranian
prs,Persian,Eurasia,pes,Indo-European,Iranian
oss,Ossetic,Eurasia,oss,Indo-European,Iranian
orm,Ormuri,Eurasia,oru,Indo-European,Iranian
mzn,Mazanderani,Eurasia,mzn,Indo-European,Iranian
lur,Luri,Eurasia,lrc,Indo-European,Iranian
kji,Kurmanji,Eurasia,kmr,Indo-European,Iranian
ish,Ishkashimi,Eurasia,isk,Indo-European,Iranian
hwr,Hawrami,Eurasia,hac,Indo-European,Iranian
gil,Gilaki,Eurasia,glk,Indo-European,Iranian
zaz,Zazaki,Eurasia,diq,Indo-European,Iranian
krd,Kurdish (Central),Eurasia,ckb,Indo-European,Iranian
blc,Baluchi,Eurasia,bgn,Indo-European,Iranian
irx,Iranxe,South America,irn,Iranxe,Iranxe
isi,Isirawa,Papunesia,srl,Tor-Kwerba,Isirawa
ito,Itonama,South America,ito,Itonama,Itonama
mau,Maung,Australia,mph,Iwaidjan,Iwaidjan
iwa,Iwaidja,Australia,ibd,Iwaidjan,Iwaidjan
iwm,Iwam,Papunesia,iwm,Sepik,Iwamic
bfd,Biafada,Africa,bif,Niger-Congo,Jaad
jbt,Jabutí,South America,jbt,Macro-Ge,Jabutí
jam,Jaminjung,Australia,djd,Mirndi,Jaminjungan
ryu,Shuri,Eurasia,ryu,Japanese,Japanese
jpn,Japanese,Eurasia,jpn,Japanese,Japanese
ycn,Yucuna,South America,ycn,Arawakan,Japura-Colombia
tar,Tariana,South America,tae,Arawakan,Japura-Colombia
res,Resígaro,South America,rgr,Arawakan,Japura-Colombia
ppc,Piapoco,South America,pio,Arawakan,Japura-Colombia
cur,Curripaco,South America,kpc,Arawakan,Japura-Colombia
bnw,Baniwa,South America,bwi,Arawakan,Japura-Colombia
bae,Baré,South America,bae,Arawakan,Japura-Colombia
acg,Achagua,South America,aca,Arawakan,Japura-Colombia
mir,Miriwung,Australia,mep,Jarrakan,Jarrakan
kij,Kitja,Australia,gia,Jarrakan,Jarrakan
jav,Javanese,Papunesia,jav,Austronesian,Javanese
xer,Xerénte,South America,xer,Macro-Ge,Je Central
xav,Xavánte,South America,xav,Macro-Ge,Je Central
xok,Xokleng,South America,xok,Macro-Ge,Je Meridional
kng,Kaingang,South America,kgp,Macro-Ge,Je Meridional
krh,Krahô,South America,xra,Macro-Ge,Je Setentrional
kyp,Kayapó,South America,txu,Macro-Ge,Je Setentrional
cnl,Canela,South America,ram,Macro-Ge,Je Setentrional
pnx,Panará,South America,kre,Macro-Ge,Je Setentrional
api,Apinayé,South America,apn,Macro-Ge,Je Setentrional
ayo,Ayomán,South America,,Jirajaran,Jirajaran
jiv,Jivaro,South America,jiv,Jivaroan,Jivaroan
hmb,Huambisa,South America,hub,Jivaroan,Jivaroan
agr,Aguaruna,South America,agr,Jivaroan,Jivaroan
acu,Achuar,South America,acu,Jivaroan,Jivaroan
dio,Diola-Fogny,Africa,dyo,Niger-Congo,Jola
csk,Diola-Kasa,Africa,csk,Niger-Congo,Jola
amx,Anamuxra,Papunesia,imi,Trans-New Guinea,Josephstaal
juh,Ju|'hoan,Africa,ktz,Kxa,Ju-Kung
xun,!Xun (Ekoka),Africa,knw,Kxa,Ju-Kung
kpa,Kpan,Africa,kpk,Niger-Congo,Jukunoid
juk,Jukun,Africa,jbu,Niger-Congo,Jukunoid
kpo,Kposo,Africa,kpo,Niger-Congo,Ka-Togo
avt,Avatime,Africa,avn,Niger-Congo,Ka-Togo
lha,Laha,Eurasia,lha,Tai-Kadai,Kadai
lch,Lachi,Eurasia,lbt,Tai-Kadai,Kadai
lkk,Lakkia,Eurasia,lbc,Tai-Kadai,Kadai
gla,Gelao,Eurasia,gqu,Tai-Kadai,Kadai
kdw,Kadiwéu,South America,kbc,Guaicuruan,Kadiwéu
kad,Kadugli,Africa,xtc,Kadu,Kadugli
ktc,Katcha,Africa,xtc,Kadu,Kadugli
kro,Krongo,Africa,kgo,Kadu,Kadugli
kob,Kobon,Papunesia,kpw,Trans-New Guinea,Kalam-Kobon
klq,Kalam,Papunesia,kmh,Trans-New Guinea,Kalam-Kobon
klp,Kalapuya,North America,kyl,Kalapuyan,Kalapuyan
zhn,Zhuang (Northern),Eurasia,zgb,Tai-Kadai,Kam-Tai
tha,Thai,Eurasia,tha,Tai-Kadai,Kam-Tai
sui,Sui,Eurasia,swi,Tai-Kadai,Kam-Tai
sae,Saek,Eurasia,skb,Tai-Kadai,Kam-Tai
sha,Shan,Eurasia,shn,Tai-Kadai,Kam-Tai
yay,Yay,Eurasia,pcc,Tai-Kadai,Kam-Tai
nun,Nung (in Vietnam),Eurasia,nut,Tai-Kadai,Kam-Tai
mul,Mulao,Eurasia,mlm,Tai-Kadai,Kam-Tai
lao,Lao,Eurasia,lao,Tai-Kadai,Kam-Tai
don,Dong (Southern),Eurasia,kmc,Tai-Kadai,Kam-Tai
khn,Khün,Eurasia,kkh,Tai-Kadai,Kam-Tai
lu,Lü,Eurasia,khb,Tai-Kadai,Kam-Tai
knb,Kanum (Bädi),Papunesia,khd,Yam,Kanum
knp,Kanum (Ngkâlmpw),Papunesia,kcd,Yam,Kanum
kno,Kanoê,South America,kxo,Kapixana,Kapixana
jva,Karajá,South America,kpj,Macro-Ge,Karajá
kkw,Karankawa,North America,zkk,Karankawa,Karankawa
mik,Mikir,Eurasia,mjw,Sino-Tibetan,Karbic
phl,Phlong,Eurasia,pww,Sino-Tibetan,Karen
ksg,Karen (Sgaw),Eurasia,ksw,Sino-Tibetan,Karen
kpw,Karen (Pwo),Eurasia,kjp,Sino-Tibetan,Karen
kyl,Kayah Li (Eastern),Eurasia,eky,Sino-Tibetan,Karen
kbw,Karen (Bwe),Eurasia,bwe,Sino-Tibetan,Karen
kri,Kipea,South America,kzw,Kariri,Kariri
krk,Karok,North America,kyh,Hokan,Karok
mgl,Mingrelian,Eurasia,xmf,Kartvelian,Kartvelian
sva,Svan,Eurasia,sva,Kartvelian,Kartvelian
laz,Laz,Eurasia,lzz,Kartvelian,Kartvelian
geo,Georgian,Eurasia,kat,Kartvelian,Kartvelian
tia,Tima,Africa,tms,Kordofanian,Katla-Tima
ktl,Katla,Africa,kcr,Kordofanian,Katla-Tima
pac,Pacoh,Eurasia,pac,Austro-Asiatic,Katuic
brw,Bru (Western),Eurasia,brv,Austro-Asiatic,Katuic
bru,Bru (Eastern),Eurasia,bru,Austro-Asiatic,Katuic
ktu,Katu,Eurasia,,Austro-Asiatic,Katuic
cnm,Canamarí,South America,knm,Katukinan,Katukinan
kaj,Kaure,Papunesia,bpp,Kaure,Kaure
tmg,Tamagario,Papunesia,tcg,Kayagar,Kayagar
aco,Acoma,North America,kjq,Keresan,Keresan
ksa,Keresan (Santa Ana),North America,kee,Keresan,Keresan
khs,Khasi,Eurasia,kha,Austro-Asiatic,Khasian
khi,Khinalug,Eurasia,kjj,Nakh-Daghestanian,Khinalug
khm,Khmer,Eurasia,khm,Austro-Asiatic,Khmer
ksi,Ksingmul,Eurasia,puo,Austro-Asiatic,Khmuic
mlm,Mlabri (Minor),Eurasia,mra,Austro-Asiatic,Khmuic
kmu,Khmu',Eurasia,kjg,Austro-Asiatic,Khmuic
slg,Sulung,Eurasia,suv,Sino-Tibetan,Kho-Bwa
shd,Sherdukpen,Eurasia,sdp,Sino-Tibetan,Kho-Bwa
bgn,Bugun,Eurasia,bgg,Sino-Tibetan,Kho-Bwa
kxo,Kxoe,Africa,xuu,Khoe-Kwadi,Khoe-Kwadi
det,Deti,Africa,shg,Khoe-Kwadi,Khoe-Kwadi
nro,Nharo,Africa,nhr,Khoe-Kwadi,Khoe-Kwadi
kho,Nama,Africa,naq,Khoe-Kwadi,Khoe-Kwadi
krn,Korana,Africa,kqz,Khoe-Kwadi,Khoe-Kwadi
ani,//Ani,Africa,hnh,Khoe-Kwadi,Khoe-Kwadi
ksp,Kosop,Africa,kia,Niger-Congo,Kim
twn,Tiwa (Northern),North America,twf,Kiowa-Tanoan,Kiowa-Tanoan
jem,Jemez,North America,tow,Kiowa-Tanoan,Kiowa-Tanoan
tws,Tiwa (Southern),North America,tix,Kiowa-Tanoan,Kiowa-Tanoan
tew,Tewa (Arizona),North America,tew,Kiowa-Tanoan,Kiowa-Tanoan
trg,Tewa (Rio Grande),North America,tew,Kiowa-Tanoan,Kiowa-Tanoan
tsj,Tewa (San Juan Pueblo),North America,tew,Kiowa-Tanoan,Kiowa-Tanoan
kio,Kiowa,North America,kio,Kiowa-Tanoan,Kiowa-Tanoan
kir,Kirma,Africa,cme,Niger-Congo,Kirma-Tyurama
kiw,Kiwai (Southern),Papunesia,kjd,Trans-New Guinea,Kiwaian
klm,Klamath,North America,kla,Penutian,Klamath-Modoc
mij,Miju,Eurasia,mxj,Sino-Tibetan,Kman-Meyor
kta,Koita,Papunesia,kqi,Trans-New Guinea,Koiarian
kmo,Koiali (Mountain),Papunesia,kpx,Trans-New Guinea,Koiarian
koi,Koiari,Papunesia,kbk,Trans-New Guinea,Koiarian
baa,Barai,Papunesia,bbb,Trans-New Guinea,Koiarian
omi,Ömie,Papunesia,aom,Trans-New Guinea,Koiarian
ria,Riantana,Papunesia,ran,Kolopom,Kolopom
kim,Kimaghama,Papunesia,kig,Kolopom,Kolopom
kom,Komo,Africa,xom,Koman,Koman
xbi,Kombio,Papunesia,xbi,Torricelli,Kombio-Arapesh
arp,Arapesh (Mountain),Papunesia,ape,Torricelli,Kombio-Arapesh
aoj,Mufian,Papunesia,aoj,Torricelli,Kombio-Arapesh
aab,Arapesh (Abu),Papunesia,aah,Torricelli,Kombio-Arapesh
kor,Korean,Eurasia,kor,Korean,Korean
kfe,Koromfe,Africa,kfz,Niger-Congo,Koromfe
wsk,Waskia,Papunesia,wsk,Trans-New Guinea,Kowan
kre,Kresh,Africa,krs,Central Sudanic,Kresh
aja,Aja,Africa,aja,Central Sudanic,Kresh
isa,I'saka,Papunesia,ksi,Skou,Krisa
wob,Wobe,Africa,wob,Niger-Congo,Kru
ney,Neyo,Africa,ney,Niger-Congo,Kru
kla,Klao,Africa,klu,Niger-Congo,Kru
grb,Grebo,Africa,grj,Niger-Congo,Kru
ddj,Dadjriwalé,Africa,god,Niger-Congo,Kru
gdi,Godié,Africa,god,Niger-Congo,Kru
vat,Vata,Africa,dic,Niger-Congo,Kru
bet,Bété,Africa,bev,Niger-Congo,Kru
aiz,Aizi,Africa,ahp,Niger-Congo,Kru
gue,Guere,Africa,,Niger-Congo,Kru
tao,Tarao,Eurasia,tro,Sino-Tibetan,Kuki-Chin
thd,Thadou,Eurasia,tcz,Sino-Tibetan,Kuki-Chin
ral,Ralte,Eurasia,ral,Sino-Tibetan,Kuki-Chin
pte,Paite,Eurasia,pck,Sino-Tibetan,Kuki-Chin
cmr,Chin (Mara),Eurasia,mrh,Sino-Tibetan,Kuki-Chin
miz,Mizo,Eurasia,lus,Sino-Tibetan,Kuki-Chin
hma,Hmar,Eurasia,hmr,Sino-Tibetan,Kuki-Chin
cti,Chin (Tiddim),Eurasia,ctd,Sino-Tibetan,Kuki-Chin
chs,Chin (Siyin),Eurasia,csy,Sino-Tibetan,Kuki-Chin
hyo,Hyow,Eurasia,csh,Sino-Tibetan,Kuki-Chin
khu,Khumi,Eurasia,cnk,Sino-Tibetan,Kuki-Chin
lai,Lai,Eurasia,cnh,Sino-Tibetan,Kuki-Chin
baw,Bawm,Eurasia,bgr,Sino-Tibetan,Kuki-Chin
so,So,Africa,teu,Eastern Sudanic,Kuliak
nyg,Nyangi,Africa,nyp,Eastern Sudanic,Kuliak
ik,Ik,Africa,ikx,Eastern Sudanic,Kuliak
kun,Kuna,South America,kvn,Chibchan,Kuna
knm,Kunama,Africa,kun,Kunama,Kunama
atm,Atacameño,South America,kuz,Kunza,Kunza
kuo,Kuot,Papunesia,kto,Kuot,Kuot
kus,Kusunda,Eurasia,kgg,Kusunda,Kusunda
kut,Kutenai,North America,kut,Kutenai,Kutenai
kwz,Kwaza,South America,xwa,Kwaza,Kwaza
kwb,Kwerba,Papunesia,kwe,Tor-Kwerba,Kwerba
kwt,Kwomtari,Papunesia,kwo,Kwomtari,Kwomtari
bio,Nai,Papunesia,bio,Kwomtari,Kwomtari
laa,Laal,Africa,gdm,Laal,Laal
laf,Lafofa,Africa,laf,Kordofanian,Lafofa
lak,Lak,Eurasia,lbe,Nakh-Daghestanian,Lak
lmp,Lampung,Papunesia,ljp,Austronesian,Lampungic
kag,Komering,Papunesia,kge,Austronesian,Lampungic
mta,Mentuh Tapuh,Papunesia,sdo,Austronesian,Land Dayak
kua,Kualan,Papunesia,sdm,Austronesian,Land Dayak
smd,Semandang,Papunesia,sdm,Austronesian,Land Dayak
bit,Biatah,Papunesia,bth,Austronesian,Land Dayak
lar,Laragia,Australia,lrg,Darwin Region,Laragiya
lav,Lavukaleve,Papunesia,lvk,Solomons East Papuan,Lavukaleve
owi,Owininga,Papunesia,owi,Left May,Left May
amm,Ama,Papunesia,amm,Left May,Left May
lec,Leko,South America,lec,Leko,Leko
nti,Ngiti,Africa,niy,Central Sudanic,Lendu
ldu,Lendu,Africa,led,Central Sudanic,Lendu
udi,Udi,Eurasia,udi,Nakh-Daghestanian,Lezgic
tsa,Tsakhur,Eurasia,tkr,Nakh-Daghestanian,Lezgic
tbs,Tabassaran,Eurasia,tab,Nakh-Daghestanian,Lezgic
rut,Rutul,Eurasia,rut,Nakh-Daghestanian,Lezgic
lez,Lezgian,Eurasia,lez,Nakh-Daghestanian,Lezgic
krz,Kryz,Eurasia,kry,Nakh-Daghestanian,Lezgic
bdk,Budukh,Eurasia,bdk,Nakh-Daghestanian,Lezgic
arc,Archi,Eurasia,aqc,Nakh-Daghestanian,Lezgic
agl,Aghul,Eurasia,agx,Nakh-Daghestanian,Lezgic
lml,Limilngan,Australia,lmc,Darwin Region,Limilngan
lob,Lobi,Africa,lob,Niger-Congo,Lobiri-Jaane
ibi,Ibibio,Africa,ibb,Niger-Congo,Lower Cross
efi,Efik,Africa,efi,Niger-Congo,Lower Cross
obo,Obolo,Africa,ann,Niger-Congo,Lower Cross
wtm,Watam,Papunesia,wax,Ramu-Lower Sepik,Lower Ramu
kai,Kaian,Papunesia,kct,Ramu-Lower Sepik,Lower Ramu
yim,Yimas,Papunesia,yee,Ramu-Lower Sepik,Lower Sepik
mrk,Murik,Papunesia,mtf,Ramu-Lower Sepik,Lower Sepik
chb,Chambri,Papunesia,can,Ramu-Lower Sepik,Lower Sepik
sao,Saho,Africa,ssy,Afro-Asiatic,Lowland East Cushitic
orw,Oromo (Waata),Africa,ssn,Afro-Asiatic,Lowland East Cushitic
som,Somali,Africa,som,Afro-Asiatic,Lowland East Cushitic
ren,Rendille,Africa,rel,Afro-Asiatic,Lowland East Cushitic
orh,Oromo (Harar),Africa,hae,Afro-Asiatic,Lowland East Cushitic
dug,Dullay (Gollango),Africa,gwd,Afro-Asiatic,Lowland East Cushitic
owc,Oromo (West-Central),Africa,gaz,Afro-Asiatic,Lowland East Cushitic
orb,Oromo (Boraana),Africa,gax,Afro-Asiatic,Lowland East Cushitic
dha,Dhaasanac,Africa,dsh,Afro-Asiatic,Lowland East Cushitic
bys,Bayso,Africa,bsw,Afro-Asiatic,Lowland East Cushitic
abo,Arbore,Africa,arv,Afro-Asiatic,Lowland East Cushitic
qaf,Qafar,Africa,aar,Afro-Asiatic,Lowland East Cushitic
lul,Lule,South America,ule,Lule,Lule
run,Runga,Africa,rou,Maban,Maban
msl,Masalit,Africa,mls,Maban,Maban
mab,Maba,Africa,mde,Maban,Maban
grs,Garus,Papunesia,gyb,Trans-New Guinea,Mabuso
bau,Bau,Papunesia,bbd,Trans-New Guinea,Mabuso
ame,Amele,Papunesia,aey,Trans-New Guinea,Mabuso
pia,Piaroa,South America,pid,Sáliban,Maco-Piaroa
bai,Bai,Eurasia,bca,Sino-Tibetan,Macro-Bai
nsn,Nisenan,North America,nsz,Penutian,Maiduan
mne,Maidu (Northeast),North America,nmu,Penutian,Maiduan
knw,Konkow,North America,mjd,Penutian,Maiduan
mgi,Magi,Papunesia,mgu,Trans-New Guinea,Mailuan
mrs,Mairasi,Papunesia,zrs,Mairasic,Mairasic
maj,Majang,Africa,mpe,Eastern Sudanic,Majang
mkw,Máku,South America,xak,Máku,Máku
mly,Malay,Eurasia,zsm,Austronesian,Malayo-Sumbawan
mmu,Malay (Ulu Muar),Eurasia,zmi,Austronesian,Malayo-Sumbawan
myk,Malay (Kuala Lumpur),Eurasia,zlm,Austronesian,Malayo-Sumbawan
mds,Manadonese,Papunesia,xmm,Austronesian,Malayo-Sumbawan
ktp,Ketapang,Eurasia,xdy,Austronesian,Malayo-Sumbawan
kuy,Kutai,Papunesia,vkt,Austronesian,Malayo-Sumbawan
url,Urak Lawoi',Eurasia,urk,Austronesian,Malayo-Sumbawan
sun,Sundanese,Papunesia,sun,Austronesian,Malayo-Sumbawan
rgn,Roglai (Northern),Eurasia,rog,Austronesian,Malayo-Sumbawan
rad,Rade,Eurasia,rad,Austronesian,Malayo-Sumbawan
iir,Indonesian (Papuan),Papunesia,pmy,Austronesian,Malayo-Sumbawan
min,Minangkabau,Papunesia,min,Austronesian,Malayo-Sumbawan
mdr,Madurese,Papunesia,mad,Austronesian,Malayo-Sumbawan
ind,Indonesian,Papunesia,ind,Austronesian,Malayo-Sumbawan
inj,Indonesian (Jakarta),Papunesia,ind,Austronesian,Malayo-Sumbawan
iba,Iban,Papunesia,iba,Austronesian,Malayo-Sumbawan
tst,Tsat,Eurasia,huq,Austronesian,Malayo-Sumbawan
cme,Cham (Eastern),Eurasia,cjm,Austronesian,Malayo-Sumbawan
crh,Chru,Eurasia,cje,Austronesian,Malayo-Sumbawan
chw,Cham (Western),Eurasia,cja,Austronesian,Malayo-Sumbawan
bal,Balinese,Papunesia,ban,Austronesian,Malayo-Sumbawan
ace,Acehnese,Eurasia,ace,Austronesian,Malayo-Sumbawan
mla,Mambila,Africa,,Niger-Congo,Mambiloid
kyg,Kenyang,Africa,ken,Niger-Congo,Mamfe
mdn,Mandan,North America,mhq,Siouan,Mandan
myi,Mangarrayi,Australia,mpc,Mangarrayi-Maran,Mangarrayi
mbt,Mangbetu,Africa,mdj,Central Sudanic,Mangbetu
mmv,Mamvu,Africa,mdi,Central Sudanic,Mangbutu-Efe
les,Lese,Africa,les,Central Sudanic,Mangbutu-Efe
mei,Meithei,Eurasia,mni,Sino-Tibetan,Manipuri
mjk,Manjaku,Africa,mfv,Niger-Congo,Manjaku
mkn,Mankanya,Africa,knf,Niger-Congo,Manjaku
wrn,Warndarang,Australia,wnd,Mangarrayi-Maran,Mara
mra,Mara,Australia,mec,Mangarrayi-Maran,Mara
alw,Alawa,Australia,alh,Mangarrayi-Maran,Mara
mah,Mari (Hill),Eurasia,mrj,Uralic,Mari
mme,Mari (Meadow),Eurasia,mhr,Uralic,Mari
kmz,Kamasau,Papunesia,kms,Torricelli,Marienberg
mrd,Marind,Papunesia,mrz,Trans-New Guinea,Marind-Yaqay
yqy,Yaqay,Papunesia,jaq,Trans-New Guinea,Marind-Yaqay
gnb,Gunbalang,Australia,wlg,Gunwinyguan,Marne
nkb,Ngalkbun,Australia,ngk,Gunwinyguan,Marne
bbw,Bininj Gun-Wok,Australia,gup,Gunwinyguan,Marne
mas,Masa,Africa,mcn,Afro-Asiatic,Masa
lam,Lamé,Africa,lme,Afro-Asiatic,Masa
gna,Guana,South America,gva,Mascoian,Mascoian
lng,Lengua,South America,enx,Mascoian,Mascoian
wch,Wichí,South America,mzh,Matacoan,Matacoan
mca,Maca,South America,mca,Matacoan,Matacoan
chu,Nivacle,South America,cag,Matacoan,Matacoan
crt,Chorote,South America,,Matacoan,Matacoan
ocu,Ocuilteco,North America,ocu,Oto-Manguean,Matlatzincan
urk,Urubú-Kaapor,South America,urb,Tupian,Maweti-Guarani
tup,Tupi,South America,tpn,Tupian,Maweti-Guarani
tpt,Tapieté,South America,tpj,Tupian,Maweti-Guarani
srn,Sirionó,South America,srq,Tupian,Maweti-Guarani
way,Wayampi,South America,oym,Tupian,Maweti-Guarani
oma,Omagua,South America,omg,Tupian,Maweti-Guarani
kyz,Kayabí,South America,kyz,Tupian,Maweti-Guarani
kaw,Kaiwá,South America,kgk,Tupian,Maweti-Guarani
kma,Kamaiurá,South America,kay,Tupian,Maweti-Guarani
jum,Júma,South America,jua,Tupian,Maweti-Guarani
ach,Aché,South America,guq,Tupian,Maweti-Guarani
crg,Chiriguano,South America,gui,Tupian,Maweti-Guarani
gua,Guaraní,South America,gug,Tupian,Maweti-Guarani
gjj,Guajajara,South America,gub,Tupian,Maweti-Guarani
eme,Émérillon,South America,eme,Tupian,Maweti-Guarani
coc,Cocama,South America,cod,Tupian,Maweti-Guarani
asu,Asuriní,South America,asu,Tupian,Maweti-Guarani
max,Maxakalí,South America,mbl,Macro-Ge,Maxakalian
yct,Yucatec,North America,yua,Mayan,Mayan
tzo,Tzotzil,North America,tzo,Mayan,Mayan
tzu,Tzutujil,North America,tzj,Mayan,Mayan
tza,Tzeltal (Aguacatenango),North America,tzh,Mayan,Mayan
tze,Tzeltal,North America,tzh,Mayan,Mayan
tzt,Tzeltal (Tenejapa),North America,tzh,Mayan,Mayan
tec,Tectiteco,North America,ttc,Mayan,Mayan
toj,Tojolabal,North America,toj,Mayan,Mayan
qum,Sipakapense,North America,qum,Mayan,Mayan
qch,Quiché,North America,quc,Mayan,Mayan
pkm,Pokomchí,North America,poh,Mayan,Mayan
pcm,Poqomam,North America,poc,Mayan,Mayan
mop,Mopan,North America,mop,Mayan,Mayan
mam,Mam,North America,mam,Mayan,Mayan
lac,Lacandón,North America,lac,Mayan,Mayan
kwe,Kanjobal (Western),North America,knj,Mayan,Mayan
kea,Kanjobal (Eastern),North America,kjb,Mayan,Mayan
kek,K'ekchí,North America,kek,Mayan,Mayan
jak,Jakaltek,North America,jac,Mayan,Mayan
ixi,Ixil,North America,ixl,Mayan,Mayan
itz,Itzaj,North America,itz,Mayan,Mayan
htc,Huastec,North America,hus,Mayan,Mayan
col,Chol,North America,ctu,Mayan,Mayan
cec,Chicomuceltec,North America,cob,Mayan,Mayan
cmy,Chontal Maya,North America,chf,Mayan,Mayan
cak,Cakchiquel,North America,cak,Mayan,Mayan
chj,Chuj,North America,cac,Mayan,Mayan
coi,Chortí,North America,caa,Mayan,Mayan
agu,Aguacatec,North America,agu,Mayan,Mayan
aci,Achí,North America,acr,Mayan,Mayan
may,Maybrat,Papunesia,ayz,Maybrat,Maybrat
klk,Koh,Africa,xuo,Niger-Congo,Mbumic
tpr,Tupuri,Africa,tui,Niger-Congo,Mbumic
mdg,Mundang,Africa,mua,Niger-Congo,Mbumic
mbm,Mbum,Africa,mdd,Niger-Congo,Mbumic
mmi,Mambai,Africa,mcs,Niger-Congo,Mbumic
ktn,Ketengban,Papunesia,xte,Trans-New Guinea,Mek
una,Una,Papunesia,mtg,Trans-New Guinea,Mek
yal,Yale (Kosarek),Papunesia,kkl,Trans-New Guinea,Mek
eip,Eipo,Papunesia,eip,Trans-New Guinea,Mek
mnu,Mun,Eurasia,mji,Hmong-Mien,Mienic
mie,Mien,Eurasia,ium,Hmong-Mien,Mienic
tnt,Tontemboan,Papunesia,tnt,Austronesian,Minahasan
tno,Tondano,Papunesia,tdn,Austronesian,Minahasan
wnb,Winnebago,North America,win,Siouan,Mississippi Valley Siouan
sto,Stoney,North America,sto,Siouan,Mississippi Valley Siouan
osa,Osage,North America,osa,Siouan,Mississippi Valley Siouan
omh,Omaha,North America,oma,Siouan,Mississippi Valley Siouan
lkt,Lakhota,North America,lkt,Siouan,Mississippi Valley Siouan
oto,Oto,North America,iow,Siouan,Mississippi Valley Siouan
dak,Dakota,North America,dak,Siouan,Mississippi Valley Siouan
hid,Hidatsa,North America,hid,Siouan,Missouri River Siouan
cro,Crow,North America,cro,Siouan,Missouri River Siouan
sum,Mayangna,North America,yan,Misumalpan,Misumalpan
mis,Miskito,North America,miq,Misumalpan,Misumalpan
mss,Miwok (Southern Sierra),North America,skd,Penutian,Miwok
mwp,Miwok (Plains),North America,pmw,Penutian,Miwok
mwn,Miwok (Northern Sierra),North America,nsq,Penutian,Miwok
mwl,Miwok (Lake),North America,lmw,Penutian,Miwok
mcs,Miwok (Central Sierra),North America,csm,Penutian,Miwok
mkb,Miwok (Bodega),North America,csi,Penutian,Miwok
zfl,Zoque (Francisco León),North America,zos,Mixe-Zoque,Mixe-Zoque
zqr,Zoque (Rayon),North America,zor,Mixe-Zoque,Mixe-Zoque
zch,Zoque (Chimalapa),North America,zoh,Mixe-Zoque,Mixe-Zoque
zqc,Zoque (Copainalá),North America,zoc,Mixe-Zoque,Mixe-Zoque
zqo,Zoque (Ostuacan),North America,zoc,Mixe-Zoque,Mixe-Zoque
say,Sayula Popoluca,North America,pos,Mixe-Zoque,Mixe-Zoque
zqs,Popoluca (Sierra),North America,poi,Mixe-Zoque,Mixe-Zoque
olu,Olutec,North America,plo,Mixe-Zoque,Mixe-Zoque
mth,Mixe (Tlahuitoltepec),North America,mxp,Mixe-Zoque,Mixe-Zoque
mxx,Mixe (Ayutla),North America,mxp,Mixe-Zoque,Mixe-Zoque
mtp,Mixe (Totontepec),North America,mto,Mixe-Zoque,Mixe-Zoque
mco,Mixe (Coatlán),North America,mco,Mixe-Zoque,Mixe-Zoque
mja,Mixtec (Jamiltepec),North America,mxt,Oto-Manguean,Mixtec
mxy,Mixtec (Yosondúa),North America,mpm,Oto-Manguean,Mixtec
mxs,Mixtec (Silacayoapan),North America,mks,Oto-Manguean,Mixtec
mjc,Mixtec (San Juan Colorado),North America,mjc,Oto-Manguean,Mixtec
mxz,Mixtec (Coatzospan),North America,miz,Oto-Manguean,Mixtec
mxt,Mixtec (Ayutla),North America,miy,Oto-Manguean,Mixtec
mxj,Mixtec (Jicaltepec),North America,mio,Oto-Manguean,Mixtec
mxl,Mixtec (Alacatlatzala),North America,mim,Oto-Manguean,Mixtec
mxp,Mixtec (Peñoles),North America,mil,Oto-Manguean,Mixtec
mxu,Mixtec (Chayuco),North America,mih,Oto-Manguean,Mixtec
mxc,Mixtec (Chalcatongo),North America,mig,Oto-Manguean,Mixtec
mxg,Mixtec (San Miguel el Grande),North America,mig,Oto-Manguean,Mixtec
mxm,Mixtec (Molinos),North America,mig,Oto-Manguean,Mixtec
mxo,Mixtec (Ocotepec),North America,mie,Oto-Manguean,Mixtec
mxa,Mixtec (Atatlahuca),North America,mib,Oto-Manguean,Mixtec
mcc,Mochica,South America,omc,Mochica,Mochica
mll,Molala,North America,mbe,Penutian,Molala
mom,Mombum,Papunesia,mso,Mombum,Mombum
gav,Gavião,South America,gvo,Tupian,Monde
shy,Shira Yughur,Eurasia,yuy,Altaic,Mongolic
kiq,Kalmyk (Issyk-Kul),Eurasia,xal,Altaic,Mongolic
kmk,Kalmyk,Eurasia,xal,Altaic,Mongolic
oir,Oirat,Eurasia,xal,Altaic,Mongolic
sta,Santa,Eurasia,sce,Altaic,Mongolic
bao,Bao'an,Eurasia,peh,Altaic,Mongolic
ord,Ordos,Eurasia,mvf,Altaic,Mongolic
mgg,Mangghuer,Eurasia,mjg,Altaic,Mongolic
mog,Moghol,Eurasia,mhj,Altaic,Mongolic
kha,Khalkha,Eurasia,khk,Altaic,Mongolic
dgr,Dagur,Eurasia,dta,Altaic,Mongolic
but,Buriat,Eurasia,bxm,Altaic,Mongolic
mkh,Mongol (Khamnigan),Eurasia,,Altaic,Mongolic
mon,Mon,Eurasia,mnw,Austro-Asiatic,Monic
nkt,Nyah Kur (Tha Pong),Eurasia,cbn,Austro-Asiatic,Monic
mri,Moraori,Papunesia,mok,Moraori,Moraori
moe,Mordvin (Erzya),Eurasia,myv,Uralic,Mordvin
mmo,Mordvin (Moksha),Eurasia,mdf,Uralic,Mordvin
mad,Ma'di,Africa,mhi,Central Sudanic,Moru-Ma'di
mou,Moru,Africa,mgd,Central Sudanic,Moru-Ma'di
lgt,Logoti,Africa,log,Central Sudanic,Moru-Ma'di
lug,Lugbara,Africa,lgg,Central Sudanic,Moru-Ma'di
avo,Avokaya,Africa,avu,Central Sudanic,Moru-Ma'di
els,Elseng,Papunesia,mrf,Morwap,Morwap
mos,Mosetén,South America,cas,Mosetenan,Mosetenan
mov,Movima,South America,mzp,Movima,Movima
mpu,Mpur,Papunesia,akc,Mpur,Mpur
mum,Mumuye,Africa,mzm,Niger-Congo,Mumuye-Yandang
bhu,Bhumij,Eurasia,unr,Austro-Asiatic,Munda
mun,Mundari,Eurasia,unr,Austro-Asiatic,Munda
sor,Sora,Eurasia,srb,Austro-Asiatic,Munda
stl,Santali,Eurasia,sat,Austro-Asiatic,Munda
khr,Kharia,Eurasia,khr,Austro-Asiatic,Munda
kku,Korku,Eurasia,kfq,Austro-Asiatic,Munda
jun,Juang,Eurasia,jun,Austro-Asiatic,Munda
ho,Ho,Eurasia,hoc,Austro-Asiatic,Munda
gdb,Gutob,Eurasia,gbj,Austro-Asiatic,Munda
rem,Remo,Eurasia,bfw,Austro-Asiatic,Munda
muu,Mundurukú,South America,myu,Tupian,Munduruku
prh,Pirahã,South America,myp,Mura,Mura
mpa,Murrinh-Patha,Australia,mwf,Southern Daly,Murrinh-Patha
crk,Creek,North America,mus,Muskogean,Muskogean
smn,Seminole,North America,mus,Muskogean,Muskogean
mki,Mikasuki,North America,mik,Muskogean,Muskogean
koa,Koasati,North America,cku,Muskogean,Muskogean
cck,Chickasaw,North America,cic,Muskogean,Muskogean
cct,Choctaw,North America,cho,Muskogean,Muskogean
abm,Alabama,North America,akz,Muskogean,Muskogean
pum,Pumi,Eurasia,pmi,Sino-Tibetan,Na-Qiangic
nax,Naxi,Eurasia,nxq,Sino-Tibetan,Na-Qiangic
gyc,Gyarong (Cogtse),Eurasia,jya,Sino-Tibetan,Na-Qiangic
jia,Jiarong,Eurasia,jya,Sino-Tibetan,Na-Qiangic
rgc,rGyalrong (Caodeng),Eurasia,jya,Sino-Tibetan,Na-Qiangic
qia,Qiang,Eurasia,,Sino-Tibetan,Na-Qiangic
llm,Lelemi,Africa,lef,Niger-Congo,Na-Togo
nad,Nadëb,South America,mbj,Nadahup,Nadahup
daw,Dâw,South America,kwa,Nadahup,Nadahup
hpd,Hup,South America,jup,Nadahup,Nadahup
nah,Nahali,Eurasia,nll,Nahali,Nahali
ing,Ingush,Eurasia,inh,Nakh-Daghestanian,Nakh
chc,Chechen,Eurasia,che,Nakh-Daghestanian,Nakh
ttu,Tsova-Tush,Eurasia,bbl,Nakh-Daghestanian,Nakh
nkk,Nakkara,Australia,nck,Mangrida,Nakkara
nmb,Nambikuára (Southern),South America,nab,Nambikuaran,Nambikuaran
nar,Nara (in Ethiopia),Africa,nrb,Eastern Sudanic,Nara
nat,Natchez,North America,ncz,Natchez,Natchez
kmb,Kombai,Papunesia,,Trans-New Guinea,Ndeiram
ndj,Ndjébbana,Australia,djj,Mangrida,Ndjébbana
hhu,Hanga Hundi,Papunesia,wos,Sepik,Ndu
mbu,Manambu,Papunesia,mle,Sepik,Ndu
iat,Iatmul,Papunesia,ian,Sepik,Ndu
boi,Boiken,Papunesia,bzf,Sepik,Ndu
amb,Ambulas,Papunesia,abt,Sepik,Ndu
bah,Xiriana,South America,xir,Arawakan,Negro-Roraima
wps,Wapishana,South America,wap,Arawakan,Negro-Roraima
ngg,Ngan'gityemerri,Australia,nam,Southern Daly,Ngankikurungkurr
ngk,Ngankikurungkurr,Australia,nam,Southern Daly,Ngankikurungkurr
nic,Nicobarese,Eurasia,ncb,Austro-Asiatic,Nicobarese
nnc,Nancowry,Eurasia,ncb,Austro-Asiatic,Nicobarese
nca,Nicobarese (Car),Eurasia,caq,Austro-Asiatic,Nicobarese
nim,Nimboran,Papunesia,nir,Nimboran,Nimboran
kmt,Kemtuik,Papunesia,kmt,Nimboran,Nimboran
niv,Nivkh,Eurasia,niv,Nivkh,Nivkh
nvs,Nivkh (South Sakhalin),Eurasia,niv,Nivkh,Nivkh
usa,Usan,Papunesia,wnu,Trans-New Guinea,North Adelbert
tat,Tatana',Papunesia,txx,Austronesian,North Borneo
tim,Timugon,Papunesia,tih,Austronesian,North Borneo
sab,Sa'ban,Papunesia,snv,Austronesian,North Borneo
nrm,Narom,Papunesia,nrm,Austronesian,North Borneo
mel,Melanau,Papunesia,mel,Austronesian,North Borneo
lud,Lun Dayeh,Papunesia,lnd,Austronesian,North Borneo
kdz,Kadazan,Papunesia,kzj,Austronesian,North Borneo
klt,Kelabit,Papunesia,kzi,Austronesian,North Borneo
kbr,Kayan (Baram),Papunesia,kys,Austronesian,North Borneo
keu,Kenyah (Uma' Lung),Papunesia,keu,Austronesian,North Borneo
beg,Begak-Ida'an,Papunesia,dbj,Austronesian,North Borneo
bgz,Banggi,Papunesia,bdg,Austronesian,North Borneo
rtk,Rotokas,Papunesia,roo,North Bougainville,North Bougainville
knu,Konua,Papunesia,kyx,North Bougainville,North Bougainville
tid,Tidore,Papunesia,tvo,North Halmaheran,North Halmaheran
tlo,Tobelo,Papunesia,tlb,North Halmaheran,North Halmaheran
trt,Ternate,Papunesia,tft,North Halmaheran,North Halmaheran
tbr,Tabaru,Papunesia,tby,North Halmaheran,North Halmaheran
sah,Sahu,Papunesia,saj,North Halmaheran,North Halmaheran
pag,Pagu,Papunesia,pgu,North Halmaheran,North Halmaheran
wma,West Makian,Papunesia,mqs,North Halmaheran,North Halmaheran
gll,Galela,Papunesia,gbi,North Halmaheran,North Halmaheran
wic,Wichita,North America,wic,Caddoan,Northern Caddoan
pwn,Pawnee,North America,paw,Caddoan,Northern Caddoan
kit,Kitsai,North America,kii,Caddoan,Northern Caddoan
akr,Arikara,North America,ari,Caddoan,Northern Caddoan
krq,Kerek,Eurasia,krk,Chukotko-Kamchatkan,Northern Chukotko-Kamchatkan
kry,Koryak,Eurasia,kpy,Chukotko-Kamchatkan,Northern Chukotko-Kamchatkan
chk,Chukchi,Eurasia,ckt,Chukotko-Kamchatkan,Northern Chukotko-Kamchatkan
alu,Alutor,Eurasia,alr,Chukotko-Kamchatkan,Northern Chukotko-Kamchatkan
tye,Tyeraity,Australia,woa,Northern Daly,Northern Daly
mlk,Malakmalak,Australia,mpb,Northern Daly,Northern Daly
wya,Wyandot,North America,wya,Iroquoian,Northern Iroquoian
tus,Tuscarora,North America,tus,Iroquoian,Northern Iroquoian
snc,Seneca,North America,see,Iroquoian,Northern Iroquoian
onn,Onondaga,North America,ono,Iroquoian,Northern Iroquoian
ond,Oneida,North America,one,Iroquoian,Northern Iroquoian
moh,Mohawk,North America,moh,Iroquoian,Northern Iroquoian
cyg,Cayuga,North America,cay,Iroquoian,Northern Iroquoian
pnn,Pangasinan,Papunesia,pag,Austronesian,Northern Luzon
btk,Bontok,Papunesia,lbk,Austronesian,Northern Luzon
kao,Karao,Papunesia,kyj,Austronesian,Northern Luzon
kky,Kankanay,Papunesia,kne,Austronesian,Northern Luzon
itw,Itawis,Papunesia,itv,Austronesian,Northern Luzon
isn,Isnag,Papunesia,isd,Austronesian,Northern Luzon
ilo,Ilocano,Papunesia,ilo,Austronesian,Northern Luzon
ifu,Ifugao (Batad),Papunesia,ifb,Austronesian,Northern Luzon
ibn,Ibanag,Papunesia,ibg,Austronesian,Northern Luzon
dca,Dumagat (Casiguran),Papunesia,dgc,Austronesian,Northern Luzon
blg,Balangao,Papunesia,blw,Austronesian,Northern Luzon
tne,Temne,Africa,tem,Niger-Congo,Northern Mel
bgs,Baga Sitemu,Africa,bsp,Niger-Congo,Northern Mel
mny,Margany,Australia,zmc,Pama-Nyungan,Northern Pama-Nyungan
yir,Yir Yoront,Australia,yyr,Pama-Nyungan,Northern Pama-Nyungan
ylr,Yalarnnga,Australia,ylr,Pama-Nyungan,Northern Pama-Nyungan
yid,Yidiny,Australia,yii,Pama-Nyungan,Northern Pama-Nyungan
myy,Mayi-Yapi,Australia,xyj,Pama-Nyungan,Northern Pama-Nyungan
dhb,Dharumbal,Australia,xgm,Pama-Nyungan,Northern Pama-Nyungan
wgu,Warrongo,Australia,wrg,Pama-Nyungan,Northern Pama-Nyungan
wmu,Wik Munkan,Australia,wim,Pama-Nyungan,Northern Pama-Nyungan
wn,Wik Ngathana,Australia,wig,Pama-Nyungan,Northern Pama-Nyungan
wrg,Warrgamay,Australia,wgy,Pama-Nyungan,Northern Pama-Nyungan
mbb,Mbabaram,Australia,vmb,Pama-Nyungan,Northern Pama-Nyungan
knc,Kugu Nganhcara,Australia,uwa,Pama-Nyungan,Northern Pama-Nyungan
uhi,Uradhi,Australia,urf,Pama-Nyungan,Northern Pama-Nyungan
ump,Umpila,Australia,ump,Pama-Nyungan,Northern Pama-Nyungan
thp,Thaypan,Australia,typ,Pama-Nyungan,Northern Pama-Nyungan
thy,Kuuk Thaayorre,Australia,thd,Pama-Nyungan,Northern Pama-Nyungan
pak,Pakanha,Australia,pkn,Pama-Nyungan,Northern Pama-Nyungan
nya,Nyawaygi,Australia,nyt,Pama-Nyungan,Northern Pama-Nyungan
ngw,Ngawun,Australia,nxn,Pama-Nyungan,Northern Pama-Nyungan
kly,Kala Lagaw Ya,Papunesia,mwp,Pama-Nyungan,Northern Pama-Nyungan
lnj,Linngithig,Australia,lnj,Pama-Nyungan,Northern Pama-Nyungan
lla,Lamu-Lamu,Australia,lby,Pama-Nyungan,Northern Pama-Nyungan
kuu,Kuuku Ya'u,Australia,kuy,Pama-Nyungan,Northern Pama-Nyungan
kgu,Kalkatungu,Australia,ktg,Pama-Nyungan,Northern Pama-Nyungan
guu,Guugu Yimidhirr,Australia,kky,Pama-Nyungan,Northern Pama-Nyungan
kjn,Kunjen,Australia,kjn,Pama-Nyungan,Northern Pama-Nyungan
gny,Gunya,Australia,gyy,Pama-Nyungan,Northern Pama-Nyungan
kya,Kuku-Yalanji,Australia,gvn,Pama-Nyungan,Northern Pama-Nyungan
ggd,Gugadj,Australia,ggd,Pama-Nyungan,Northern Pama-Nyungan
dja,Djabugay,Australia,dyy,Pama-Nyungan,Northern Pama-Nyungan
dyi,Dyirbal,Australia,dbl,Pama-Nyungan,Northern Pama-Nyungan
bii,Biri,Australia,bzr,Pama-Nyungan,Northern Pama-Nyungan
agt,Anguthimri,Australia,awg,Pama-Nyungan,Northern Pama-Nyungan
kws,Kawaiisu,North America,xaw,Uto-Aztecan,Northern Uto-Aztecan
cmh,Chemehuevi,North America,ute,Uto-Aztecan,Northern Uto-Aztecan
put,Paiute (Southern),North America,ute,Uto-Aztecan,Northern Uto-Aztecan
ute,Ute,North America,ute,Uto-Aztecan,Northern Uto-Aztecan
tbb,Tübatulabal,North America,tub,Uto-Aztecan,Northern Uto-Aztecan
sho,Shoshone,North America,shh,Uto-Aztecan,Northern Uto-Aztecan
swr,Shoshone (Wind River),North America,shh,Uto-Aztecan,Northern Uto-Aztecan
srr,Serrano,North America,ser,Uto-Aztecan,Northern Uto-Aztecan
tsh,Tümpisa Shoshone,North America,par,Uto-Aztecan,Northern Uto-Aztecan
pno,Paiute (Northern),North America,pao,Uto-Aztecan,Northern Uto-Aztecan
mno,Mono (in United States),North America,mnr,Uto-Aztecan,Northern Uto-Aztecan
lui,Luiseño,North America,lui,Uto-Aztecan,Northern Uto-Aztecan
hop,Hopi,North America,hop,Uto-Aztecan,Northern Uto-Aztecan
cup,Cupeño,North America,cup,Uto-Aztecan,Northern Uto-Aztecan
cmn,Comanche,North America,com,Uto-Aztecan,Northern Uto-Aztecan
cah,Cahuilla,North America,chl,Uto-Aztecan,Northern Uto-Aztecan
kwk,Kwakw'ala,North America,kwk,Wakashan,Northern Wakashan
hei,Heiltsuk,North America,hei,Wakashan,Northern Wakashan
hsl,Haisla,North America,has,Wakashan,Northern Wakashan
uby,Ubykh,Eurasia,uby,Northwest Caucasian,Northwest Caucasian
kab,Kabardian,Eurasia,kbd,Northwest Caucasian,Northwest Caucasian
adt,Adyghe (Temirgoy),Eurasia,ady,Northwest Caucasian,Northwest Caucasian
ady,Adyghe (Abzakh),Eurasia,ady,Northwest Caucasian,Northwest Caucasian
ash,Adyghe (Shapsugh),Eurasia,ady,Northwest Caucasian,Northwest Caucasian
abz,Abaza,Eurasia,abq,Northwest Caucasian,Northwest Caucasian
abk,Abkhaz,Eurasia,abk,Northwest Caucasian,Northwest Caucasian
sim,Simeulue,Papunesia,smr,Austronesian,Northwest Sumatra-Barrier Islands
skl,Sikule,Papunesia,skh,Austronesian,Northwest Sumatra-Barrier Islands
nia,Nias,Papunesia,nia,Austronesian,Northwest Sumatra-Barrier Islands
mnt,Mentawai,Papunesia,mwv,Austronesian,Northwest Sumatra-Barrier Islands
gay,Gayo,Papunesia,gay,Austronesian,Northwest Sumatra-Barrier Islands
alx,Alas,Papunesia,btz,Austronesian,Northwest Sumatra-Barrier Islands
bkr,Batak (Karo),Papunesia,btx,Austronesian,Northwest Sumatra-Barrier Islands
bto,Batak (Toba),Papunesia,bbc,Austronesian,Northwest Sumatra-Barrier Islands
nku,Nubian (Kunuz),Africa,xnz,Eastern Sudanic,Nubian
mid,Midob,Africa,mei,Eastern Sudanic,Nubian
nbh,Ghulfan,Africa,ghl,Eastern Sudanic,Nubian
nob,Nobiin,Africa,fia,Eastern Sudanic,Nubian
nbd,Nubian (Dongolese),Africa,dgl,Eastern Sudanic,Nubian
mey,Menya,Papunesia,mcr,Trans-New Guinea,Nuclear Angan
ham,Hamtai,Papunesia,hmt,Trans-New Guinea,Nuclear Angan
bry,Baruya,Papunesia,byr,Trans-New Guinea,Nuclear Angan
ape,Ampeeli,Papunesia,apz,Trans-New Guinea,Nuclear Angan
kwo,Kwoma,Papunesia,kmo,Sepik,Nukuma
nug,Nunggubuyu,Australia,nuy,Gunwinyguan,Nunggubuyu
raw,Rawang,Eurasia,raw,Sino-Tibetan,Nungish
ano,Anong,Eurasia,nun,Sino-Tibetan,Nungish
dul,Dulong,Eurasia,duu,Sino-Tibetan,Nungish
nup,Nupe,Africa,nup,Niger-Congo,Nupoid
ebi,Ebira,Africa,igb,Niger-Congo,Nupoid
gwa,Gwari,Africa,gbr,Niger-Congo,Nupoid
wgl,Waigali,Eurasia,wbk,Indo-European,Nuristani
pra,Prasuni,Eurasia,prn,Indo-European,Nuristani
ktz,Kati (in Afghanistan),Eurasia,bsh,Indo-European,Nuristani
nyi,Nyimang,Africa,nyi,Eastern Sudanic,Nyimang
ywr,Yawuru,Australia,ywr,Nyulnyulan,Nyulnyulan
wrw,Warrwa,Australia,wwr,Nyulnyulan,Nyulnyulan
nyu,Nyulnyul,Australia,nyv,Nyulnyulan,Nyulnyulan
nyn,Nyigina,Australia,nyh,Nyulnyulan,Nyulnyulan
brd,Bardi,Australia,bcj,Nyulnyulan,Nyulnyulan
nyl,Nyelâyu,Papunesia,yly,Austronesian,Oceanic
sio,Sio,Papunesia,xsi,Austronesian,Oceanic
fiw,Fijian (Wayan),Papunesia,wyy,Austronesian,Oceanic
ndr,Nadroga,Papunesia,wyy,Austronesian,Oceanic
wol,Woleaian,Papunesia,woe,Austronesian,Oceanic
wll,Wallisian,Papunesia,wls,Austronesian,Oceanic
wed,Wedau,Papunesia,wed,Austronesian,Oceanic
vnm,Vinmavis,Papunesia,vnm,Austronesian,Oceanic
idn,Iduna,Papunesia,viv,Austronesian,Oceanic
ura,Ura,Papunesia,uur,Austronesian,Oceanic
atc,Atchin,Papunesia,upv,Austronesian,Oceanic
uli,Ulithian,Papunesia,uli,Austronesian,Oceanic
nnm,Nanumea,Papunesia,tvl,Austronesian,Oceanic
tvl,Tuvaluan,Papunesia,tvl,Austronesian,Oceanic
sea,Southeast Ambrym,Papunesia,tvk,Austronesian,Oceanic
tbt,Tobati,Papunesia,tti,Austronesian,Oceanic
tng,Tongan,Papunesia,ton,Austronesian,Oceanic
len,Lenakel,Papunesia,tnl,Austronesian,Oceanic
kwr,Kwamera,Papunesia,tnk,Austronesian,Oceanic
tum,Tumleo,Papunesia,tmq,Austronesian,Oceanic
bum,Buma,Papunesia,tkw,Austronesian,Oceanic
tke,Tokelauan,Papunesia,tkl,Austronesian,Oceanic
teo,Teop,Papunesia,tio,Austronesian,Oceanic
sud,Sudest,Papunesia,tgo,Austronesian,Oceanic
tgk,Tigak,Papunesia,tgc,Austronesian,Oceanic
taw,Tawala,Papunesia,tbo,Austronesian,Oceanic
tak,Takia,Papunesia,tbc,Austronesian,Oceanic
tah,Tahitian,Papunesia,tah,Austronesian,Oceanic
taf,Taiof,Papunesia,sps,Austronesian,Oceanic
son,Sonsorol-Tobi,Papunesia,sov,Austronesian,Oceanic
sob,Sobei,Papunesia,sob,Austronesian,Oceanic
sng,Sinaugoro,Papunesia,snc,Austronesian,Oceanic
sam,Samoan,Papunesia,smo,Austronesian,Oceanic
sak,Sakao,Papunesia,sku,Austronesian,Oceanic
sir,Siar,Papunesia,sjr,Austronesian,Oceanic
sur,Sursurunga,Papunesia,sgz,Austronesian,Oceanic
slb,Saliba (in Papua New Guinea),Papunesia,sbe,Austronesian,Oceanic
kel,Kele,Papunesia,sbc,Austronesian,Oceanic
rov,Roviana,Papunesia,rug,Austronesian,Oceanic
rot,Rotuman,Papunesia,rtm,Austronesian,Oceanic
ror,Roro,Papunesia,rro,Austronesian,Oceanic
rap,Rapanui,Papunesia,rap,Austronesian,Oceanic
gap,Gapapaiwa,Papunesia,pwg,Austronesian,Oceanic
pul,Puluwat,Papunesia,puw,Austronesian,Oceanic
pat,Patep,Papunesia,ptp,Austronesian,Oceanic
psw,Port Sandwich,Papunesia,psw,Austronesian,Oceanic
kau,Kaulong,Papunesia,pss,Austronesian,Oceanic
poh,Pohnpeian,Papunesia,pon,Austronesian,Oceanic
tua,Tuamotuan,Papunesia,pmt,Austronesian,Oceanic
pms,Paamese,Papunesia,pma,Austronesian,Oceanic
pil,Pileni,Papunesia,piv,Austronesian,Oceanic
pgl,Pingilapese,Papunesia,pif,Austronesian,Oceanic
aml,Ambae (Lolovoli Northeast),Papunesia,omb,Austronesian,Oceanic
lga,Luangiua,Papunesia,ojv,Austronesian,Oceanic
tns,Tanna (Southwest),Papunesia,nwi,Austronesian,Oceanic
nif,Niuafo'ou,Papunesia,num,Austronesian,Oceanic
nbk,Natügu,Papunesia,ntu,Austronesian,Oceanic
neh,Nehan,Papunesia,nsn,Austronesian,Oceanic
all,Ala'ala,Papunesia,nrz,Austronesian,Oceanic
nbb,Nambas (Big),Papunesia,nmb,Austronesian,Oceanic
gel,Gela,Papunesia,nlg,Austronesian,Oceanic
nkr,Nukuoro,Papunesia,nkr,Austronesian,Oceanic
niu,Niuean,Papunesia,niu,Austronesian,Oceanic
ayw,Ayiwo,Papunesia,nfl,Austronesian,Oceanic
nne,Nengone,Papunesia,nen,Austronesian,Oceanic
nel,Nelemwa,Papunesia,nee,Austronesian,Oceanic
nau,Nauruan,Papunesia,nau,Austronesian,Oceanic
nal,Nalik,Papunesia,nal,Austronesian,Oceanic
nak,Nakanai,Papunesia,nak,Austronesian,Oceanic
muy,Muyuw,Papunesia,myw,Austronesian,Oceanic
mxe,Ifira-Mele,Papunesia,mxe,Austronesian,Oceanic
mnv,Minaveha,Papunesia,mvn,Austronesian,Oceanic
mnm,Manam,Papunesia,mva,Austronesian,Oceanic
moa,Mono-Alu,Papunesia,mte,Austronesian,Oceanic
msm,Musom,Papunesia,msu,Austronesian,Oceanic
ckh,Cheke Holo,Papunesia,mrn,Austronesian,Oceanic
mao,Maori,Papunesia,mri,Austronesian,Oceanic
rnn,Rennellese,Papunesia,mnv,Austronesian,Oceanic
mmb,Mangap-Mbula,Papunesia,mna,Austronesian,Oceanic
mae,Mae,Papunesia,mmw,Austronesian,Oceanic
mwo,Mwotlap,Papunesia,mlv,Austronesian,Oceanic
toq,Toqabaqita,Papunesia,mlu,Austronesian,Oceanic
tmm,Tamabo,Papunesia,mla,Austronesian,Oceanic
mok,Mokilese,Papunesia,mkj,Austronesian,Oceanic
mtk,Matukar,Papunesia,mjk,Austronesian,Oceanic
mlu,Maleu,Papunesia,mgl,Austronesian,Oceanic
mtu,Motu,Papunesia,meu,Austronesian,Oceanic
mke,Mekeo,Papunesia,mek,Austronesian,Oceanic
msn,Maisin,Papunesia,mbq,Austronesian,Oceanic
msh,Marshallese,Papunesia,mah,Austronesian,Oceanic
lew,Lewo,Papunesia,lww,Austronesian,Oceanic
lon,Loniu,Papunesia,los,Austronesian,Oceanic
lou,Lou,Papunesia,loj,Austronesian,Oceanic
lmu,Lamen,Papunesia,lmu,Austronesian,Oceanic
rag,Raga,Papunesia,lml,Austronesian,Oceanic
lau,Lau,Papunesia,llu,Austronesian,Oceanic
ngu,Nguna,Papunesia,llp,Austronesian,Oceanic
lgu,Longgu,Papunesia,lgu,Austronesian,Oceanic
kra,Kara (in Papua New Guinea),Papunesia,leu,Austronesian,Oceanic
tnk,Tungak,Papunesia,lcm,Austronesian,Oceanic
lab,Labu,Papunesia,lbu,Austronesian,Oceanic
ari,Aribwatsa,Papunesia,laz,Austronesian,Oceanic
krr,Kairiru,Papunesia,kxa,Austronesian,Oceanic
kwa,Kwaio,Papunesia,kwd,Austronesian,Oceanic
tla,Tolai,Papunesia,ksd,Austronesian,Oceanic
kpn,Kapingamarangi,Papunesia,kpg,Austronesian,Oceanic
kos,Kosraean,Papunesia,kos,Austronesian,Oceanic
kkt,Kokota,Papunesia,kkk,Austronesian,Oceanic
klv,Kilivila,Papunesia,kij,Austronesian,Oceanic
kkv,Lusi,Papunesia,khl,Austronesian,Oceanic
kap,Kela (Apoze),Papunesia,kcl,Austronesian,Oceanic
jab,Jabêm,Papunesia,jae,Austronesian,Oceanic
iaa,Iaai,Papunesia,iai,Austronesian,Oceanic
tga,Tangga,Papunesia,hrc,Austronesian,Oceanic
hoa,Hoava,Papunesia,hoa,Austronesian,Oceanic
hal,Halia,Papunesia,hla,Austronesian,Oceanic
haw,Hawaiian,Papunesia,haw,Austronesian,Oceanic
gmw,Gumawana,Papunesia,gvs,Austronesian,Oceanic
krb,Kiribati,Papunesia,gil,Austronesian,Oceanic
ptp,Patpatar,Papunesia,gfk,Austronesian,Oceanic
poa,Po-Ai,Papunesia,fwa,Austronesian,Oceanic
fut,Futuna-Aniwa,Papunesia,fut,Austronesian,Oceanic
fue,Futuna (East),Papunesia,fud,Austronesian,Oceanic
fij,Fijian,Papunesia,fij,Austronesian,Oceanic
erk,Efate (South),Papunesia,erk,Austronesian,Oceanic
err,Erromangan,Papunesia,erg,Austronesian,Oceanic
mus,Mussau,Papunesia,emi,Austronesian,Oceanic
pta,Paita,Papunesia,duf,Austronesian,Oceanic
dre,Drehu,Papunesia,dhv,Austronesian,Oceanic
lnw,Lonwolwol,Papunesia,crc,Austronesian,Oceanic
tin,Tinrin,Papunesia,cir,Austronesian,Oceanic
cuu,Chuukese,Papunesia,chk,Austronesian,Oceanic
cem,Cèmuhî,Papunesia,cam,Austronesian,Oceanic
crl,Carolinian,Papunesia,cal,Austronesian,Oceanic
bnn,Banoni,Papunesia,bcm,Austronesian,Oceanic
sis,Sisiqa,Papunesia,baa,Austronesian,Oceanic
aul,Aulua,Papunesia,aul,Austronesian,Oceanic
anj,Anejom,Papunesia,aty,Austronesian,Oceanic
alk,Arop-Lokep,Papunesia,apr,Austronesian,Oceanic
saa,Sa'a,Papunesia,apb,Austronesian,Oceanic
xar,Xârâcùù,Papunesia,ane,Austronesian,Oceanic
arx,'Are'are,Papunesia,alu,Austronesian,Oceanic
ark,Araki,Papunesia,akr,Austronesian,Oceanic
aji,Ajië,Papunesia,aji,Austronesian,Oceanic
ama,Amara,Papunesia,aie,Austronesian,Oceanic
aro,Arosi,Papunesia,aia,Austronesian,Oceanic
adz,Adzera,Papunesia,adz,Austronesian,Oceanic
bvi,Bali-Vitu,Papunesia,,Austronesian,Oceanic
mrq,Marquesan,Papunesia,,Austronesian,Oceanic
kan,Kana,Africa,ogo,Niger-Congo,Ogonoid
gok,Gokana,Africa,gkn,Niger-Congo,Ogonoid
tte,Tutelo,North America,tta,Siouan,Ohio Valley Siouan
blx,Biloxi,North America,bll,Siouan,Ohio Valley Siouan
tlf,Telefol,Papunesia,tlf,Trans-New Guinea,Ok
tif,Tifal,Papunesia,tif,Trans-New Guinea,Ok
mpt,Mian,Papunesia,mpt,Trans-New Guinea,Ok
kti,Kati (in West Papua Indonesia),Papunesia,kts,Trans-New Guinea,Ok
oks,Oksapmin,Papunesia,opm,Trans-New Guinea,Oksapmin
eud,Eudeve,North America,,Uto-Aztecan,Opata-Eudeve
kkb,Konkomba,Africa,xon,Niger-Congo,Oti-Volta
wwa,Waama,Africa,wwa,Niger-Congo,Oti-Volta
ntn,Nateni,Africa,ntm,Niger-Congo,Oti-Volta
moo,Mooré,Africa,mos,Niger-Congo,Oti-Volta
mmp,Mampruli,Africa,maw,Niger-Congo,Oti-Volta
kni,Konni,Africa,kma,Niger-Congo,Oti-Volta
grm,Gurma,Africa,gux,Niger-Congo,Oti-Volta
grn,Gurenne,Africa,gur,Niger-Congo,Oti-Volta
dga,Dagaare,Africa,dga,Niger-Congo,Oti-Volta
dgb,Dagbani,Africa,dag,Niger-Congo,Oti-Volta
buy,Buli (in Ghana),Africa,bwu,Niger-Congo,Oti-Volta
ncm,Ncàm,Africa,bud,Niger-Congo,Oti-Volta
bmb,Bimoba,Africa,bim,Niger-Congo,Oti-Volta
oix,Otomí (Ixtenco),North America,otz,Oto-Manguean,Otomian
osm,Otomí (Santiago Mexquititlan),North America,otq,Oto-Manguean,Otomian
ots,Otomí (Sierra),North America,otm,Oto-Manguean,Otomian
otm,Otomí (Mezquital),North America,ote,Oto-Manguean,Otomian
maz,Mazahua,North America,maz,Oto-Manguean,Otomian
pae,Páez,South America,pbb,Páezan,Páezan
pai,Paiwan,Papunesia,pwn,Austronesian,Paiwan
pal,Palauan,Papunesia,pau,Austronesian,Palauan
puk,Parauk,Eurasia,prk,Austro-Asiatic,Palaungic
plg,Palaung,Eurasia,pll,Austro-Asiatic,Palaungic
plk,Palikur,South America,plu,Arawakan,Palikur
pam,Pame,North America,pmz,Oto-Manguean,Pamean
mni,Moni,Papunesia,mnz,Trans-New Guinea,Paniai Lakes
eka,Ekari,Papunesia,ekg,Trans-New Guinea,Paniai Lakes
yam,Yaminahua,South America,yaa,Pano-Tacanan,Panoan
shk,Shipibo-Konibo,South America,shp,Pano-Tacanan,Panoan
mts,Matis,South America,mpq,Pano-Tacanan,Panoan
myr,Matsés,South America,mcf,Pano-Tacanan,Panoan
shh,Sharanahua,South America,mcd,Pano-Tacanan,Panoan
cap,Capanahua,South America,kaq,Pano-Tacanan,Panoan
csh,Cashinahua,South America,cbs,Pano-Tacanan,Panoan
cas,Cashibo,South America,cbr,Pano-Tacanan,Panoan
cbo,Chácobo,South America,cao,Pano-Tacanan,Panoan
amc,Amahuaca,South America,amc,Pano-Tacanan,Panoan
kdg,Karipuna (Panoan),South America,,Pano-Tacanan,Panoan
paw,Pawaian,Papunesia,pwa,Teberan-Pawaian,Pawaian
ksn,Kasong,Eurasia,cog,Austro-Asiatic,Pearic
yag,Yagua,South America,yad,Peba-Yaguan,Peba-Yaguan
pec,Pech,North America,pay,Chibchan,Pech
udm,Udmurt,Eurasia,udm,Uralic,Permic
kzy,Komi-Zyrian,Eurasia,kpv,Uralic,Permic
yzv,Yazva,Eurasia,kpv,Uralic,Permic
kop,Komi-Permyak,Eurasia,koi,Uralic,Permic
fni,Fulfulde (Nigerian),Africa,fuv,Niger-Congo,Peul-Serer
fbf,Fula (Burkina Faso),Africa,fuh,Niger-Congo,Peul-Serer
fli,Ful (Liptako),Africa,fuh,Niger-Congo,Peul-Serer
fgu,Fula (Guinean),Africa,fuf,Niger-Congo,Peul-Serer
fma,Pulaar,Africa,fuc,Niger-Congo,Peul-Serer
fus,Fula (Senegal),Africa,fuc,Niger-Congo,Peul-Serer
fua,Fulfulde (Adamawa),Africa,fub,Niger-Congo,Peul-Serer
fum,Fulfulde (Maasina),Africa,ffm,Niger-Congo,Peul-Serer
har,Haruai,Papunesia,tmd,Piawi,Piawi
pmc,Pomo (Central),North America,poo,Hokan,Pomoan
pso,Pomo (Southeastern),North America,pom,Hokan,Pomoan
pmn,Pomo (Northern),North America,pej,Hokan,Pomoan
pme,Pomo (Eastern),North America,peb,Hokan,Pomoan
ksh,Kashaya,North America,kju,Hokan,Pomoan
psj,Popoloca (San Juan Atzingo),North America,poe,Oto-Manguean,Popolocan
psv,Popoloca (San Vicente Coyotepec),North America,pbf,Oto-Manguean,Popolocan
pop,Popoloca (Metzontla),North America,pbe,Oto-Manguean,Popolocan
mzh,Mazatec (Huautla),North America,mau,Oto-Manguean,Popolocan
mzc,Mazatec (Chiquihuitlán),North America,maq,Oto-Manguean,Popolocan
ixc,Ixcatec,North America,ixc,Oto-Manguean,Popolocan
cch,Chocho,North America,coz,Oto-Manguean,Popolocan
nom,Nomatsiguenga,South America,not,Arawakan,Pre-Andine Arawakan
mch,Machiguenga,South America,mcb,Arawakan,Pre-Andine Arawakan
cpa,Campa Pajonal Asheninca,South America,cjo,Arawakan,Pre-Andine Arawakan
cax,Campa (Axininca),South America,,Arawakan,Pre-Andine Arawakan
gku,Gününa Küne,South America,pue,Chonan,Puelche
pui,Puinave,South America,pui,Puinave,Puinave
puq,Puquina,South America,puq,Puquina,Puquina
pir,Piro,South America,pib,Arawakan,Purus
apu,Apurinã,South America,apu,Arawakan,Purus
tob,Toba,South America,tob,Guaicuruan,Qom
pga,Pilagá,South America,plg,Guaicuruan,Qom
mcv,Mocoví,South America,moc,Guaicuruan,Qom
qan,Quechua (Ancash),South America,qxa,Quechuan,Quechuan
qta,Quechua (Tarma),South America,qvn,Quechuan,Quechuan
qim,Quechua (Imbabura),South America,qvi,Quechuan,Quechuan
qca,Quechua (Cajamarca),South America,qvc,Quechuan,Quechuan
qcu,Quechua (Cuzco),South America,quz,Quechuan,Quechuan
qay,Quechua (Ayacucho),South America,quy,Quechuan,Quechuan
qco,Quechua (Cochabamba),South America,quh,Quechuan,Quechuan
qec,Quechua (Ecuadorean),South America,qug,Quechuan,Quechuan
qhu,Quechua (Huallaga),South America,qub,Quechuan,Quechuan
iga,Inga,South America,inb,Quechuan,Quechuan
qbo,Quechua (Bolivian),South America,,Quechuan,Quechuan
tau,Tauya,Papunesia,tya,Trans-New Guinea,Rai Coast
sro,Siroi,Papunesia,ssd,Trans-New Guinea,Rai Coast
bon,Bongu,Papunesia,bpu,Trans-New Guinea,Rai Coast
rji,Raji,Eurasia,rji,Sino-Tibetan,Raji-Raute
awt,Awtuw,Papunesia,kmn,Sepik,Ram
ram,Rama,North America,rma,Chibchan,Rama
kaa,Karó (Arára),South America,arr,Tupian,Ramarama
rao,Rao,Papunesia,rao,Ramu-Lower Sepik,Rao
ori,Orig,Africa,tag,Kordofanian,Rashad
ras,Rashad,Africa,ras,Kordofanian,Rashad
rej,Rejang,Papunesia,rej,Austronesian,Rejang
rik,Rikbaktsa,South America,rkb,Macro-Ge,Rikbaktsa
srd,Sardinian,Eurasia,sro,Indo-European,Romance
spa,Spanish,Eurasia,spa,Indo-European,Romance
spc,Spanish (Canary Islands),Eurasia,spa,Indo-European,Romance
mol,Moldavian,Eurasia,ron,Indo-European,Romance
rom,Romanian,Eurasia,ron,Indo-European,Romance
rmc,Romansch,Eurasia,roh,Indo-European,Romance
rsc,Romansch (Scharans),Eurasia,roh,Indo-European,Romance
rsm,Romansch (Surmeiran),Eurasia,roh,Indo-European,Romance
rsu,Romansch (Sursilvan),Eurasia,roh,Indo-European,Romance
por,Portuguese,Eurasia,por,Indo-European,Romance
itu,Italian (Turinese),Eurasia,pms,Indo-European,Romance
occ,Occitan,Eurasia,oci,Indo-European,Romance
pro,Provençal,Eurasia,oci,Indo-European,Romance
itn,Italian (Napolitanian),Eurasia,nap,Indo-European,Romance
ldn,Ladin,Eurasia,lld,Indo-European,Romance
itg,Italian (Genoa),Eurasia,lij,Indo-European,Romance
lno,Ladino,Eurasia,lad,Indo-European,Romance
ifi,Italian (Fiorentino),Eurasia,ita,Indo-European,Romance
ita,Italian,Eurasia,ita,Indo-European,Romance
glc,Galician,Eurasia,glg,Indo-European,Romance
fre,French,Eurasia,fra,Indo-European,Romance
itb,Italian (Bologna),Eurasia,egl,Indo-European,Romance
ctl,Catalan,Eurasia,cat,Indo-European,Romance
ast,Asturian,Eurasia,ast,Indo-European,Romance
mkr,Mikarew,Papunesia,msy,Ramu-Lower Sepik,Ruboni
kie,Kire,Papunesia,geb,Ramu-Lower Sepik,Ruboni
ruk,Rukai (Tanan),Papunesia,dru,Austronesian,Rukai
sno,Saami (Northern),Eurasia,sme,Uralic,Saami
scs,Saami (Central-South),Eurasia,sma,Uralic,Saami
ski,Saami (Kildin),Eurasia,sjd,Uralic,Saami
shp,Klikitat,North America,yak,Penutian,Sahaptian
smt,Sahaptin (Umatilla),North America,uma,Penutian,Sahaptian
nez,Nez Perce,North America,nez,Penutian,Sahaptian
sba,Sáliba (in Colombia),South America,slc,Sáliban,Sáliba
sal,Salinan,North America,sln,Hokan,Salinan
ykn,Yakan,Papunesia,yka,Austronesian,Sama-Bajaw
sbg,Sama (Balangingi),Papunesia,sse,Austronesian,Sama-Bajaw
bjs,Sama (Southern),Papunesia,ssb,Austronesian,Sama-Bajaw
bwc,Bajau (West Coast),Papunesia,bdr,Austronesian,Sama-Bajaw
baj,Bajau (Sama),Papunesia,bdl,Austronesian,Sama-Bajaw
sle,Samba Leko,Africa,ndi,Niger-Congo,Samba-Duru
ygd,Dii,Africa,dur,Niger-Congo,Samba-Duru
doy,Doyayo,Africa,dow,Niger-Congo,Samba-Duru
nen,Nenets (Forest),Eurasia,yrk,Uralic,Samoyedic
ntu,Nenets,Eurasia,yrk,Uralic,Samoyedic
kms,Kamass,Eurasia,xas,Uralic,Samoyedic
skp,Selkup,Eurasia,sel,Uralic,Samoyedic
nga,Nganasan,Eurasia,nio,Uralic,Samoyedic
ene,Enets,Eurasia,,Uralic,Samoyedic
sdw,Sandawe,Africa,sad,Sandawe,Sandawe
tld,Talaud,Papunesia,tld,Austronesian,Sangiric
sgr,Sangir,Papunesia,sxn,Austronesian,Sangiric
tor,Toratán,Papunesia,rth,Austronesian,Sangiric
bnt,Bantik,Papunesia,bnq,Austronesian,Sangiric
svs,Savosavo,Papunesia,svs,Solomons East Papuan,Savosavo
nap,Neo-Aramaic (Persian Azerbaijan),Eurasia,trg,Afro-Asiatic,Semitic
tig,Tigrinya,Africa,tir,Afro-Asiatic,Semitic
tbe,Tigré (Beni Amer),Africa,tig,Afro-Asiatic,Semitic
tgr,Tigré,Africa,tig,Afro-Asiatic,Semitic
soq,Soqotri,Africa,sqt,Afro-Asiatic,Semitic
jib,Jibbali,Eurasia,shv,Afro-Asiatic,Semitic
abb,Arabic (Chadian),Africa,shu,Afro-Asiatic,Semitic
arn,Arabic (Borno Nigerian),Africa,shu,Afro-Asiatic,Semitic
chh,Chaha,Africa,sgw,Afro-Asiatic,Semitic
muh,Muher,Africa,sgw,Afro-Asiatic,Semitic
mlt,Maltese,Eurasia,mlt,Afro-Asiatic,Semitic
mma,Mandaic (Modern),Eurasia,mid,Afro-Asiatic,Semitic
ahs,Arabic (Bani-Hassan),Africa,mey,Afro-Asiatic,Semitic
hrs,Harsusi,Eurasia,hss,Afro-Asiatic,Semitic
hba,Hebrew (Modern Ashkenazic),Eurasia,heb,Afro-Asiatic,Semitic
heb,Hebrew (Modern),Eurasia,heb,Afro-Asiatic,Semitic
hrr,Harari,Africa,har,Afro-Asiatic,Semitic
sod,Soddo,Africa,gru,Afro-Asiatic,Semitic
meh,Mehri,Eurasia,gdq,Afro-Asiatic,Semitic
cld,Chaldean (Modern),Eurasia,cld,Afro-Asiatic,Semitic
naa,Neo-Aramaic (Amadiya),Eurasia,cld,Afro-Asiatic,Semitic
bth,Bathari,Eurasia,bhm,Afro-Asiatic,Semitic
ars,Arabic (San'ani),Eurasia,ayn,Afro-Asiatic,Semitic
ael,Arabic (Eastern Libyan),Africa,ayl,Afro-Asiatic,Semitic
aeg,Arabic (Egyptian),Africa,arz,Afro-Asiatic,Semitic
amr,Arabic (Moroccan),Africa,ary,Afro-Asiatic,Semitic
ams,Arabic (Modern Standard),Eurasia,arb,Afro-Asiatic,Semitic
abe,Arabic (Beirut),Eurasia,apc,Afro-Asiatic,Semitic
anl,Arabic (North Levantine Spoken),Eurasia,apc,Afro-Asiatic,Semitic
arl,Arabic (Lebanese),Eurasia,apc,Afro-Asiatic,Semitic
asy,Arabic (Syrian),Eurasia,apc,Afro-Asiatic,Semitic
amh,Amharic,Africa,amh,Afro-Asiatic,Semitic
apa,Arabic (Palestinian),Eurasia,ajp,Afro-Asiatic,Semitic
arv,Arabic (Negev),Eurasia,ajp,Afro-Asiatic,Semitic
naj,Neo-Aramaic (Arbel Jewish),Eurasia,aij,Afro-Asiatic,Semitic
nsy,Neo-Aramaic (Assyrian),Eurasia,aii,Afro-Asiatic,Semitic
arg,Arabic (Gulf),Eurasia,afb,Afro-Asiatic,Semitic
arj,Arabic (Kuwaiti),Eurasia,afb,Afro-Asiatic,Semitic
atu,Arabic (Tunisian),Africa,aeb,Afro-Asiatic,Semitic
ako,Arabic (Kormakiti),Eurasia,acy,Afro-Asiatic,Semitic
arh,Arabic (Hijazi),Eurasia,acw,Afro-Asiatic,Semitic
arq,Arabic (Iraqi),Eurasia,acm,Afro-Asiatic,Semitic
abh,Arabic (Bahrain),Eurasia,abv,Afro-Asiatic,Semitic
der,Dla (Proper),Papunesia,kbv,Senagi,Senagi
dlm,Dla (Menggwa),Papunesia,kbv,Senagi,Senagi
ang,Anggor,Papunesia,agg,Senagi,Senagi
tbl,Tabla,Papunesia,tnm,Sentanic,Sentanic
snt,Sentani,Papunesia,set,Sentanic,Sentanic
sup,Supyire,Africa,spp,Niger-Congo,Senufo
nrg,Nanerge,Africa,sen,Niger-Congo,Senufo
snd,Senadi,Africa,sef,Niger-Congo,Senufo
naf,Nafaanra,Africa,nfr,Niger-Congo,Senufo
tny,Tenyer,Africa,kza,Niger-Congo,Senufo
dym,Dyimini,Africa,dyi,Niger-Congo,Senufo
sar,Sare,Papunesia,dju,Sepik,Sepik Hill
bhn,Bahinemo,Papunesia,bjh,Sepik,Sepik Hill
ala,Alamblak,Papunesia,amp,Sepik,Sepik Hill
ser,Seri,North America,sei,Hokan,Seri
wom,Womo,Papunesia,wmx,Skou,Serra Hills
pok,Poko-Rawo,Papunesia,rwa,Skou,Serra Hills
shb,Shabo,Africa,sbf,Shabo,Shabo
shs,Shasta,North America,sht,Hokan,Shasta
smp,Shompen,Eurasia,sii,Shompen,Shompen
sme,Seme,Africa,sif,Siamou,Siamou
hua,Hua,Papunesia,ygr,Trans-New Guinea,Siane-Yagaria
ygr,Yagaria,Papunesia,ygr,Trans-New Guinea,Siane-Yagaria
sia,Siane,Papunesia,snp,Trans-New Guinea,Siane-Yagaria
kak,Kamano-Kafe,Papunesia,kbq,Trans-New Guinea,Siane-Yagaria
beb,Benabena,Papunesia,bef,Trans-New Guinea,Siane-Yagaria
ksl,Kenyan Sign Language,Africa,xki,other,Sign Languages
vla,Vlaamse Gebarentaal,Eurasia,vgt,other,Sign Languages
usl,Urubú Sign Language,South America,uks,other,Sign Languages
ugs,Ugandan Sign Language,Africa,ugn,other,Sign Languages
tsl,Tanzania Sign Language,Africa,tza,other,Sign Languages
tzi,Taiwanese Sign Language (Ziran Shouyu),Papunesia,tss,other,Sign Languages
ths,Thai Sign Language,Eurasia,tsq,other,Sign Languages
tui,Türk Isaret Dili,Eurasia,tsm,other,Sign Languages
svt,Svenska Teckenspråket,Eurasia,swl,other,Sign Languages
lse,Lengua de Señas Española,Eurasia,ssp,other,Sign Languages
rsl,Russian Sign Language,Eurasia,rsl,other,Sign Languages
lgp,Língua Gestual Portuguesa,Eurasia,psr,other,Sign Languages
psl,Plains-Indians Sign Language,North America,psd,other,Sign Languages
ipk,Indo-Pakistani Sign Language (Karachi dialect),Eurasia,pks,other,Sign Languages
nzs,New Zealand Sign Language,Papunesia,nzs,other,Sign Languages
nte,Norsk Tegnspråk,Eurasia,nsl,other,Sign Languages
ssl,South Korean Sign Language,Eurasia,kvk,other,Sign Languages
nih,Nihon Shuwa (Japanese Sign Language),Eurasia,jsl,other,Sign Languages
lgh,Lughat al-Isharat al-Lubnaniya,Eurasia,jos,other,Sign Languages
iss,Israeli Sign Language,Eurasia,isr,other,Sign Languages
irs,Irish Sign Language,Eurasia,isg,other,Sign Languages
lii,Lingua Italiana dei Segni,Eurasia,ise,other,Sign Languages
ipi,Indo-Pakistani Sign Language (Indian dialects),Eurasia,ins,other,Sign Languages
isl,International Sign,North America,ils,other,Sign Languages
ics,Icelandic Sign Language,Eurasia,icl,other,Sign Languages
hks,Hong Kong Sign Language,Eurasia,hks,other,Sign Languages
gsl,Greek Sign Language,Eurasia,gss,other,Sign Languages
dge,Deutsche Gebärdensprache,Eurasia,gsg,other,Sign Languages
lsf,Langue des Signes Française,Eurasia,fsl,other,Sign Languages
fsl,Finnish Sign Language,Eurasia,fse,other,Sign Languages
lsq,Langue des Signes Québecoise,North America,fcs,other,Sign Languages
ned,Nederlandse Gebarentaal,Eurasia,dse,other,Sign Languages
csl,Chinese Sign Language,Eurasia,csl,other,Sign Languages
lsb,Língua de Sinais Brasileira,South America,bzs,other,Sign Languages
kkl,Kata Kolok,Papunesia,bqy,other,Sign Languages
bsl,British Sign Language,Eurasia,bfi,other,Sign Languages
aus,Auslan,Australia,asf,other,Sign Languages
asl,American Sign Language,North America,ase,other,Sign Languages
lsa,Lengua de Señas Argentina,South America,aed,other,Sign Languages
ada,Adamorobe Sign Language,Africa,ads,other,Sign Languages
siu,Siuslaw,North America,sis,Oregon Coast,Siuslawan
ukr,Ukrainian,Eurasia,ukr,Indo-European,Slavic
slo,Slovene,Eurasia,slv,Indo-European,Slavic
svk,Slovak,Eurasia,slk,Indo-European,Slavic
rus,Russian,Eurasia,rus,Indo-European,Slavic
plb,Polabian,Eurasia,pox,Indo-European,Slavic
pol,Polish,Eurasia,pol,Indo-European,Slavic
mcd,Macedonian,Eurasia,mkd,Indo-European,Slavic
sou,Sorbian (Upper),Eurasia,hsb,Indo-European,Slavic
scr,Serbian-Croatian,Eurasia,hbs,Indo-European,Slavic
srl,Sorbian (Lower),Eurasia,dsb,Indo-European,Slavic
ksu,Kashubian,Eurasia,csb,Indo-European,Slavic
svc,Slovincian,Eurasia,csb,Indo-European,Slavic
cze,Czech,Eurasia,ces,Indo-European,Slavic
bul,Bulgarian,Eurasia,bul,Indo-European,Slavic
bos,Bosnian,Eurasia,bos,Indo-European,Slavic
blr,Belorussian,Eurasia,bel,Indo-European,Slavic
srb,Sorbian,Eurasia,,Indo-European,Slavic
nnd,Nend,Papunesia,anh,Trans-New Guinea,Sogeram
mqf,Momuna,Papunesia,mqf,Trans-New Guinea,Somahai
kse,Koyraboro Senni,Africa,ses,Songhay,Songhay
kch,Koyra Chiini,Africa,khq,Songhay,Songhay
zar,Zarma,Africa,dje,Songhay,Songhay
ong,Onge,Eurasia,oon,South Andamanese,South Andamanese
jrw,Jarawa (in Andamans),Eurasia,anq,South Andamanese,South Andamanese
ard,Arandai,Papunesia,jbj,South Bird's Head,South Bird's Head Proper
mot,Motuna,Papunesia,siw,South Bougainville,South Bougainville
nas,Nasioi,Papunesia,nas,South Bougainville,South Bougainville
bun,Buin,Papunesia,buo,South Bougainville,South Bougainville
wrm,Warembori,Papunesia,wsa,Austronesian,South Halmahera - West New Guinea
wrp,Waropen,Papunesia,wrp,Austronesian,South Halmahera - West New Guinea
swi,Sawai,Papunesia,szw,Austronesian,South Halmahera - West New Guinea
mya,Ma'ya,Papunesia,slz,Austronesian,South Halmahera - West New Guinea
tab,Taba,Papunesia,mky,Austronesian,South Halmahera - West New Guinea
mor,Mor,Papunesia,mhz,Austronesian,South Halmahera - West New Guinea
irr,Irarutu,Papunesia,irh,Austronesian,South Halmahera - West New Guinea
bui,Buli (in Indonesia),Papunesia,bzq,Austronesian,South Halmahera - West New Guinea
bik,Biak,Papunesia,bhw,Austronesian,South Halmahera - West New Guinea
amq,Ambai,Papunesia,amk,Austronesian,South Halmahera - West New Guinea
dim,Dime,Africa,dim,Afro-Asiatic,South Omotic
hmr,Hamer,Africa,amf,Afro-Asiatic,South Omotic
aar,Aari,Africa,aiw,Afro-Asiatic,South Omotic
sly,Selayar,Papunesia,sly,Austronesian,South Sulawesi
trd,Toraja,Papunesia,sda,Austronesian,South Sulawesi
bbm,Bambam,Papunesia,ptu,Austronesian,South Sulawesi
mms,Mamasa,Papunesia,mqj,Austronesian,South Sulawesi
mnr,Mandar,Papunesia,mdr,Austronesian,South Sulawesi
mks,Makassar,Papunesia,mak,Austronesian,South Sulawesi
kjo,Konjo,Papunesia,kjc,Austronesian,South Sulawesi
eml,Embaloh,Papunesia,emb,Austronesian,South Sulawesi
bug,Bugis,Papunesia,bug,Austronesian,South Sulawesi
atb,Aralle-Tabulahan,Papunesia,atq,Austronesian,South Sulawesi
koe,Koegu,Africa,xwg,Eastern Sudanic,South Surmic
ten,Tennet,Africa,tex,Eastern Sudanic,South Surmic
cai,Chai,Africa,suq,Eastern Sudanic,South Surmic
trm,Tirmaga,Africa,suq,Eastern Sudanic,South Surmic
mee,Me'en,Africa,mym,Eastern Sudanic,South Surmic
mur,Mursi,Africa,muz,Eastern Sudanic,South Surmic
mrl,Murle,Africa,mur,Eastern Sudanic,South Surmic
blj,Baale,Africa,koe,Eastern Sudanic,South Surmic
did,Didinga,Africa,did,Eastern Sudanic,South Surmic
mrw,Muruwari,Australia,zmu,Pama-Nyungan,Southeastern Pama-Nyungan
yyo,Yorta Yorta,Australia,xyy,Pama-Nyungan,Southeastern Pama-Nyungan
yyg,Yaygir,Australia,xya,Pama-Nyungan,Southeastern Pama-Nyungan
wem,Wembawemba,Australia,xww,Pama-Nyungan,Southeastern Pama-Nyungan
wwr,Woiwurrung,Australia,wyu,Pama-Nyungan,Southeastern Pama-Nyungan
ngi,Ngiyambaa,Australia,wyb,Pama-Nyungan,Southeastern Pama-Nyungan
wth,Wathawurrung,Australia,wth,Pama-Nyungan,Southeastern Pama-Nyungan
wkw,Wagawaga,Australia,wkw,Pama-Nyungan,Southeastern Pama-Nyungan
dhw,Dharawal,Australia,tbh,Pama-Nyungan,Southeastern Pama-Nyungan
ngr,Ngarinyeri,Australia,nay,Pama-Nyungan,Southeastern Pama-Nyungan
gml,Gamilaraay,Australia,kld,Pama-Nyungan,Southeastern Pama-Nyungan
yuw,Yuwaalaraay,Australia,kld,Pama-Nyungan,Southeastern Pama-Nyungan
gum,Gumbaynggir,Australia,kgs,Pama-Nyungan,Southeastern Pama-Nyungan
ggu,Gureng Gureng,Australia,gnr,Pama-Nyungan,Southeastern Pama-Nyungan
wrb,Warrnambool,Australia,gjm,Pama-Nyungan,Southeastern Pama-Nyungan
gid,Gidabal,Australia,gih,Pama-Nyungan,Southeastern Pama-Nyungan
mdm,Madimadi,Australia,dmd,Pama-Nyungan,Southeastern Pama-Nyungan
dhu,Dhurga,Australia,dhu,Pama-Nyungan,Southeastern Pama-Nyungan
bca,Bandjalang (Casino),Australia,bdy,Pama-Nyungan,Southeastern Pama-Nyungan
bnj,Bandjalang,Australia,bdy,Pama-Nyungan,Southeastern Pama-Nyungan
bwa,Bandjalang (Waalubal),Australia,bdy,Pama-Nyungan,Southeastern Pama-Nyungan
byu,Bandjalang (Yugumbir),Australia,bdy,Pama-Nyungan,Southeastern Pama-Nyungan
clc,Colac,Australia,,Pama-Nyungan,Southeastern Pama-Nyungan
ite,Itelmen,Eurasia,itl,Chukotko-Kamchatkan,Southern Chukotko-Kamchatkan
agw,Alagwa,Africa,wbj,Afro-Asiatic,Southern Cushitic
mbg,Mbugu,Africa,mhd,Afro-Asiatic,Southern Cushitic
irq,Iraqw,Africa,irk,Afro-Asiatic,Southern Cushitic
gor,Gorowa,Africa,gow,Afro-Asiatic,Southern Cushitic
brn,Burunge,Africa,bds,Afro-Asiatic,Southern Cushitic
che,Cherokee,North America,chr,Iroquoian,Southern Iroquoian
kis,Kisi,Africa,kss,Niger-Congo,Southern Mel
kss,Kisi (Southern),Africa,kss,Niger-Congo,Southern Mel
dat,Datooga,Africa,tcc,Eastern Sudanic,Southern Nilotic
pkt,Pokot,Africa,pko,Eastern Sudanic,Southern Nilotic
seb,Sebei,Africa,kpz,Eastern Sudanic,Southern Nilotic
kyq,Kyuquot,North America,nuk,Wakashan,Southern Wakashan
nuu,Nuuchahnulth,North America,nuk,Wakashan,Southern Wakashan
mak,Makah,North America,myh,Wakashan,Southern Wakashan
nit,Nitinaht,North America,dtd,Wakashan,Southern Wakashan
tlp,Tlapanec,North America,tcf,Oto-Manguean,Subtiaba-Tlapanec
suk,Suki,Papunesia,sui,Trans-New Guinea,Suki
sul,Sulka,Papunesia,sua,Sulka,Sulka
zay,Zayse,Africa,zay,Afro-Asiatic,Ta-Ne-Omotic
wly,Wolaytta,Africa,wal,Afro-Asiatic,Ta-Ne-Omotic
moc,Moca,Africa,moy,Afro-Asiatic,Ta-Ne-Omotic
mle,Maale,Africa,mdy,Afro-Asiatic,Ta-Ne-Omotic
kjr,Koorete,Africa,kqy,Afro-Asiatic,Ta-Ne-Omotic
kef,Kefa,Africa,kbr,Afro-Asiatic,Ta-Ne-Omotic
yms,Yemsa,Africa,jnj,Afro-Asiatic,Ta-Ne-Omotic
gam,Gamo,Africa,gmv,Afro-Asiatic,Ta-Ne-Omotic
kul,Kullo,Africa,dwr,Afro-Asiatic,Ta-Ne-Omotic
ssh,Shinassha,Africa,bwo,Afro-Asiatic,Ta-Ne-Omotic
gim,Gimira,Africa,bcq,Afro-Asiatic,Ta-Ne-Omotic
esm,Esmeraldeño,South America,,Tacame,Tacame
tac,Tacana,South America,tna,Pano-Tacanan,Tacanan
ese,Ese Ejja,South America,ese,Pano-Tacanan,Tacanan
cav,Cavineña,South America,cav,Pano-Tacanan,Tacanan
ana,Araona,South America,aro,Pano-Tacanan,Tacanan
tap,Taiap,Papunesia,gpn,Taiap,Taiap
trr,Tairora,Papunesia,tbg,Trans-New Guinea,Tairora
bnm,Binumarien,Papunesia,bjr,Trans-New Guinea,Tairora
tkl,Takelma,North America,tkm,Takelma,Takelma
jom,Jomang,Africa,tlo,Kordofanian,Talodi
msk,Masakin,Africa,jle,Kordofanian,Talodi
yes,Yessan-Mayo,Papunesia,yss,Sepik,Tama Sepik
mhk,Mehek,Papunesia,nux,Sepik,Tama Sepik
tma,Tama,Africa,tma,Eastern Sudanic,Taman
sug,Sungor,Africa,sjg,Eastern Sudanic,Taman
mii,Miisiirii,Africa,,Eastern Sudanic,Taman
ngt,Naga (Tangkhul),Eurasia,nmf,Sino-Tibetan,Tangkhul-Maring
lrd,Lardil,Australia,lbz,Tangkic,Tangkic
kay,Kayardild,Australia,gyd,Tangkic,Tangkic
yuk,Yukulta,Australia,gcd,Tangkic,Tangkic
nis,Nyishi,Eurasia,njz,Sino-Tibetan,Tani
mhl,Miri (Hill):,Eurasia,mrg,Sino-Tibetan,Tani
msg,Mising,Eurasia,mrg,Sino-Tibetan,Tani
apt,Apatani,Eurasia,apt,Sino-Tibetan,Tani
gal,Galo,Eurasia,adl,Sino-Tibetan,Tani
boj,Bori,Eurasia,adi,Sino-Tibetan,Tani
boq,Bokar,Eurasia,,Sino-Tibetan,Tani
mil,Milang,Eurasia,,Sino-Tibetan,Tani
wmn,Wéménugbé,Africa,wem,Niger-Congo,Tano
nkn,Nkonya,Africa,nko,Niger-Congo,Tano
cum,Chumburung,Africa,ncu,Niger-Congo,Tano
anu,Anufo,Africa,cko,Niger-Congo,Tano
ble,Baoulé,Africa,bci,Niger-Congo,Tano
ayi,Anyi,Africa,any,Niger-Congo,Tano
akn,Akan,Africa,aka,Niger-Congo,Tano
grj,Guarijío,North America,var,Uto-Aztecan,Tarahumaran
tce,Tarahumara (Central),North America,tar,Uto-Aztecan,Tarahumaran
twe,Tarahumara (Western),North America,tac,Uto-Aztecan,Tarahumaran
pur,Purépecha,North America,tsz,Tarascan,Tarascan
toy,Tasmanian (Oyster Bay to Pitwater),Australia,,Tasmanian,Tasmanian
tsm,Tasmanian,Australia,,Tasmanian,Tasmanian
kae,Kaki Ae,Papunesia,tbd,Tate,Tate
tll,Taulil,Papunesia,tuh,Taulil,Taulil
tsr,Taushiro,South America,trr,Taushiro,Taushiro
pdp,Folopa,Papunesia,ppo,Teberan-Pawaian,Teberan
dad,Dadibi,Papunesia,mps,Teberan-Pawaian,Teberan
tmn,Temein,Africa,teq,Eastern Sudanic,Temein
kgi,Konyagi,Africa,cou,Niger-Congo,Tenda
bsr,Basari,Africa,bsc,Niger-Congo,Tenda
tpc,Tepecano,North America,tep,Uto-Aztecan,Tepiman
tps,Tepehuan (Southeastern),North America,stp,Uto-Aztecan,Tepiman
nev,Nevome,North America,pia,Uto-Aztecan,Tepiman
pba,Pima Bajo,North America,pia,Uto-Aztecan,Tepiman
ood,O'odham,North America,ood,Uto-Aztecan,Tepiman
tpn,Tepehuan (Northern),North America,ntp,Uto-Aztecan,Tepiman
chx,Chontal (Huamelultec Oaxaca),North America,clo,Hokan,Tequistlatecan
cho,Chontal (Highland),North America,chd,Hokan,Tequistlatecan
tic,Ticuna,South America,tca,Ticuna,Ticuna
tik,Tikar,Africa,tik,Niger-Congo,Tikar
til,Tillamook,North America,til,Salishan,Tillamook
cuc,Cuica,South America,,Timote-Cuica,Timote-Cuica
tmc,Timucua,North America,tjm,Timucua,Timucua
tiv,Tiv,Africa,tiv,Niger-Congo,Tivoid
tiw,Tiwi,Australia,tiw,Tiwian,Tiwian
tli,Tlingit,North America,tli,Na-Dene,Tlingit
tol,Tol,North America,jic,Tol,Tol
ton,Tonkawa,North America,tqw,Tonkawa,Tonkawa
ory,Orya,Papunesia,ury,Tor-Kwerba,Tor-Orya
brk,Berik,Papunesia,bkl,Tor-Kwerba,Tor-Orya
tep,Tepehua (Tlachichilco),North America,tpt,Totonacan,Totonacan
tos,Totonac (Sierra),North America,tos,Totonacan,Totonacan
tpa,Totonac (Papantla),North America,top,Totonacan,Totonacan
txj,Totonac (Xicotepec de Juárez),North America,too,Totonacan,Totonacan
tot,Totonac (Misantla),North America,tlc,Totonacan,Totonacan
tee,Tepehua (Huehuetla),North America,tee,Totonacan,Totonacan
trc,Trique (Chicahuaxtla),North America,trs,Oto-Manguean,Trique
tri,Trique (Copala),North America,trc,Oto-Manguean,Trique
tru,Trumai,South America,tpy,Trumai,Trumai
chl,Chehalis (Upper),North America,cjh,Salishan,Tsamosan
tsi,Tsimshian (Coast),North America,tsi,Tsimshianic,Tsimshianic
nsg,Nisgha,North America,ncg,Tsimshianic,Tsimshianic
git,Gitksan,North America,git,Tsimshianic,Tsimshianic
tso,Tsou,Papunesia,tsu,Austronesian,Tsou
xam,/Xam,Africa,xam,Tu,Tu
xoo,!Xóõ,Africa,nmn,Tu,Tu
tub,Tubar,North America,tbu,Uto-Aztecan,Tubar
yrt,Yuruti,South America,yui,Tucanoan,Tucanoan
tuc,Tucano,South America,tuo,Tucanoan,Tucanoan
tuy,Tuyuca,South America,tue,Tucanoan,Tucanoan
ret,Retuarã,South America,tnc,Tucanoan,Tucanoan
tty,Tatuyo,South America,tav,Tucanoan,Tucanoan
sri,Siriano,South America,sri,Tucanoan,Tucanoan
sin,Siona,South America,snn,Tucanoan,Tucanoan
sec,Secoya,South America,sey,Tucanoan,Tucanoan
prt,Piratapuyo,South America,pir,Tucanoan,Tucanoan
ore,Orejón,South America,ore,Tucanoan,Tucanoan
mcn,Macuna,South America,myy,Tucanoan,Tucanoan
gno,Guanano,South America,gvc,Tucanoan,Tucanoan
des,Desano,South America,des,Tucanoan,Tucanoan
cub,Cubeo,South America,cub,Tucanoan,Tucanoan
kje,Koreguaje,South America,coe,Tucanoan,Tucanoan
crp,Carapana,South America,cbc,Tucanoan,Tucanoan
brs,Barasano,South America,bsn,Tucanoan,Tucanoan
bno,Waimaha,South America,bao,Tucanoan,Tucanoan
tnb,Tunebo,South America,tuf,Chibchan,Tunebo
ulc,Ulcha,Eurasia,ulc,Altaic,Tungusic
udh,Udihe,Eurasia,ude,Altaic,Tungusic
orc,Oroch,Eurasia,oac,Altaic,Tungusic
ork,Orok,Eurasia,oaa,Altaic,Tungusic
neg,Negidal,Eurasia,neg,Altaic,Tungusic
mnc,Manchu,Eurasia,mnc,Altaic,Tungusic
jur,Jurchen,Eurasia,juc,Altaic,Tungusic
nai,Nanai,Eurasia,gld,Altaic,Tungusic
eve,Evenki,Eurasia,evn,Altaic,Tungusic
sol,Solon,Eurasia,evn,Altaic,Tungusic
evn,Even,Eurasia,eve,Altaic,Tungusic
tun,Tunica,North America,tun,Tunica,Tunica
mek,Mekens,South America,skf,Tupian,Tupari
rum,Rumu,Papunesia,klq,Trans-New Guinea,Turama-Kikorian
syg,Saryg Yughur,Eurasia,ybe,Altaic,Turkic
uzn,Uzbek (Northern),Eurasia,uzn,Altaic,Turkic
urm,Urum,Eurasia,uum,Altaic,Turkic
uyg,Uyghur,Eurasia,uig,Altaic,Turkic
tuv,Tuvan,Eurasia,tyv,Altaic,Turkic
tur,Turkish,Eurasia,tur,Altaic,Turkic
tkm,Turkmen,Eurasia,tuk,Altaic,Turkic
tmi,Tatar (Mishar),Eurasia,tat,Altaic,Turkic
ttb,Tatar (Baraba),Eurasia,tat,Altaic,Turkic
tvo,Tatar,Eurasia,tat,Altaic,Turkic
slr,Salar,Eurasia,slr,Altaic,Turkic
ykt,Yakut,Eurasia,sah,Altaic,Turkic
nog,Noghay,Eurasia,nog,Altaic,Turkic
nok,Noghay (Karagash),Eurasia,nog,Altaic,Turkic
tlb,Tatar-Noghay (Alabugat),Eurasia,nog,Altaic,Turkic
yta,Yurt Tatar,Eurasia,nog,Altaic,Turkic
kuq,Kumyk,Eurasia,kum,Altaic,Turkic
krc,Karachay-Balkar,Eurasia,krc,Altaic,Turkic
tex,Turkic (East-Central Xorasan),Eurasia,kmz,Altaic,Turkic
twx,Turkic (West Xorasan),Eurasia,kmz,Altaic,Turkic
khl,Khalaj,Eurasia,klj,Altaic,Turkic
khk,Khakas,Eurasia,kjh,Altaic,Turkic
kfy,Kirghiz (Fu-Yu),Eurasia,kir,Altaic,Turkic
kgz,Kirghiz,Eurasia,kir,Altaic,Turkic
tof,Tofa,Eurasia,kim,Altaic,Turkic
krm,Karaim,Eurasia,kdr,Altaic,Turkic
kaz,Kazakh,Eurasia,kaz,Altaic,Turkic
kkp,Karakalpak,Eurasia,kaa,Altaic,Turkic
kym,Krymchak,Eurasia,jct,Altaic,Turkic
gag,Gagauz,Eurasia,gag,Altaic,Turkic
dol,Dolgan,Eurasia,dlg,Altaic,Turkic
cri,Crimean Tatar,Eurasia,crh,Altaic,Turkic
cly,Chulym,Eurasia,clw,Altaic,Turkic
shr,Shor,Eurasia,cjs,Altaic,Turkic
chv,Chuvash,Eurasia,chv,Altaic,Turkic
bsk,Bashkir,Eurasia,bak,Altaic,Turkic
azi,Azari (Iranian),Eurasia,azb,Altaic,Turkic
aso,Altai (Southern),Eurasia,alt,Altaic,Turkic
ayn,Aynu,Eurasia,aib,Altaic,Turkic
aze,Azerbaijani,Eurasia,,Altaic,Turkic
uzb,Uzbek,Eurasia,,Altaic,Turkic
tou,Southern Toussian,Africa,wib,Niger-Congo,Tusia
zan,Zande,Africa,zne,Niger-Congo,Ubangi
ykm,Yakoma,Africa,yky,Niger-Congo,Ubangi
san,Sango,Africa,sag,Niger-Congo,Ubangi
nza,Nzakara,Africa,nzk,Niger-Congo,Ubangi
ndi,Ngbandi,Africa,ngb,Niger-Congo,Ubangi
ndg,Ndogo,Africa,ndz,Niger-Congo,Ubangi
mga,Mondunga,Africa,ndt,Niger-Congo,Ubangi
nbm,Ngbaka (Ma'bo),Africa,nbm,Niger-Congo,Ubangi
mdu,Mündü,Africa,muh,Niger-Congo,Ubangi
ma,Ma,Africa,msj,Niger-Congo,Ubangi
mnz,Munzombo,Africa,moj,Niger-Congo,Ubangi
mba,Mba,Africa,mfc,Niger-Congo,Ubangi
myg,Mayogo,Africa,mdm,Niger-Congo,Ubangi
lnd,Linda,Africa,liy,Niger-Congo,Ubangi
dgo,Dongo,Africa,doo,Niger-Congo,Ubangi
bbu,Barambu,Africa,brm,Niger-Congo,Ubangi
bak,Baka (in Cameroon),Africa,bkc,Niger-Congo,Ubangi
mns,Mansi,Eurasia,mns,Uralic,Ugric
kty,Khanty,Eurasia,kca,Uralic,Ugric
hun,Hungarian,Eurasia,hun,Uralic,Ugric
koh,Kohumono,Africa,bcs,Niger-Congo,Upper Cross
agb,Leggbó,Africa,agb,Niger-Congo,Upper Cross
urn,Urarina,South America,ura,Urarina,Urarina
urt,Urat,Papunesia,urt,Torricelli,Urat
uri,Urim,Papunesia,uri,Torricelli,Urim
uru,Uru,South America,ure,Uru-Chipaya,Uru-Chipaya
cpy,Chipaya,South America,cap,Uru-Chipaya,Uru-Chipaya
vie,Vietnamese,Eurasia,vie,Austro-Asiatic,Vietic
muo,Muong,Eurasia,mtq,Austro-Asiatic,Vietic
mku,Maranungku,Australia,zmr,Western Daly,Wagaydy
emm,Emmi,Australia,amy,Western Daly,Wagaydy
wag,Wagiman,Australia,waq,Wagiman,Wagiman
wam,Wambaya,Australia,wmb,Mirndi,Wambayan
bac,Bachamal,Australia,wdj,Wandjiginy,Wandjiginy
pun,Pungupungu,Australia,wdj,Wandjiginy,Wandjiginy
wao,Waorani,South America,auc,Waorani,Waorani
wap,Wappo,North America,wao,Wappo-Yukian,Wappo
wra,Warao,South America,wba,Warao,Warao
brp,Barupu,Papunesia,bpe,Skou,Warapu
was,Washo,North America,was,Washo,Washo
tht,Tehit,Papunesia,kps,West Bird's Head,West Bird's Head
iha,Iha,Papunesia,ihp,Greater West Bomberai,West Bomberai
bdw,Baham,Papunesia,bdw,Greater West Bomberai,West Bomberai
tan,Tangale,Africa,tan,Afro-Asiatic,West Chadic
mup,Mupun,Africa,sur,Afro-Asiatic,West Chadic
paa,Pa'a,Africa,pqa,Afro-Asiatic,West Chadic
per,Pero,Africa,pip,Afro-Asiatic,West Chadic
ngz,Ngizim,Africa,ngi,Afro-Asiatic,West Chadic
miy,Miya,Africa,mkf,Afro-Asiatic,West Chadic
kwm,Kwami,Africa,ksq,Afro-Asiatic,West Chadic
knk,Kanakuru,Africa,kna,Afro-Asiatic,West Chadic
hau,Hausa,Africa,hau,Afro-Asiatic,West Chadic
ron,Ron,Africa,cla,Afro-Asiatic,West Chadic
blq,Bole,Africa,bol,Afro-Asiatic,West Chadic
bad,Bade,Africa,bde,Afro-Asiatic,West Chadic
goe,Goemai,Africa,ank,Afro-Asiatic,West Chadic
anc,Angas,Africa,anc,Afro-Asiatic,West Chadic
wal,Walman,Papunesia,van,Torricelli,West Palei
kkr,Kirikiri,Papunesia,kiy,Lakes Plain,West Tariku
one,One,Papunesia,aun,Torricelli,West Wapei
wry,Waray (in Australia),Australia,wrz,Gunwinyguan,Western Gunwinyguan
trb,Teribe,North America,tfr,Chibchan,Western Isthmic Chibchan
cab,Cabécar,North America,cjp,Chibchan,Western Isthmic Chibchan
bri,Bribri,North America,bzd,Chibchan,Western Isthmic Chibchan
brc,Boruca,North America,brn,Chibchan,Western Isthmic Chibchan
kpe,Kpelle,Africa,xpe,Mande,Western Mande
vai,Vai,Africa,vai,Mande,Western Mande
sus,Susu,Africa,sus,Mande,Western Mande
snn,Soninke,Africa,snk,Mande,Western Mande
mka,Mauka,Africa,mxx,Mande,Western Mande
mdk,Mandinka,Africa,mnk,Mande,Western Mande
mkg,Mandinka (Gambian),Africa,mnk,Mande,Western Mande
maw,Maninka (Western),Africa,mlq,Mande,Western Mande
mde,Mende,Africa,men,Mande,Western Mande
lma,Loma,Africa,lom,Mande,Western Mande
lok,Loko,Africa,lok,Mande,Western Mande
kko,Koranko,Africa,knk,Mande,Western Mande
xas,Xasonga,Africa,kao,Mande,Western Mande
jel,Jeli,Africa,jek,Mande,Western Mande
mnk,Maninka,Africa,emk,Mande,Western Mande
dyu,Dyula,Africa,dyu,Mande,Western Mande
bnd,Bandi,Africa,bza,Mande,Western Mande
boz,Bozo (Tigemaxo),Africa,boz,Mande,Western Mande
bbf,Bobo Madaré (Northern),Africa,bbo,Mande,Western Mande
bam,Bambara,Africa,bam,Mande,Western Mande
shl,Shilluk,Africa,shk,Eastern Sudanic,Western Nilotic
nue,Nuer,Africa,nus,Eastern Sudanic,Western Nilotic
jlu,Luwo,Africa,lwo,Eastern Sudanic,Western Nilotic
luo,Luo,Africa,luo,Eastern Sudanic,Western Nilotic
par,Päri,Africa,lkr,Eastern Sudanic,Western Nilotic
lan,Lango,Africa,laj,Eastern Sudanic,Western Nilotic
din,Dinka,Africa,din,Eastern Sudanic,Western Nilotic
kuk,Kukú,Africa,bfa,Eastern Sudanic,Western Nilotic
any,Anywa,Africa,anu,Eastern Sudanic,Western Nilotic
acl,Acholi,Africa,ach,Eastern Sudanic,Western Nilotic
yin,Yindjibarndi,Australia,yij,Pama-Nyungan,Western Pama-Nyungan
yng,Yingkarta,Australia,yia,Pama-Nyungan,Western Pama-Nyungan
wru,Warumungu,Australia,wrm,Pama-Nyungan,Western Pama-Nyungan
wlw,Warluwara,Australia,wrb,Pama-Nyungan,Western Pama-Nyungan
wlm,Walmatjari,Australia,wmt,Pama-Nyungan,Western Pama-Nyungan
wat,Watjarri,Australia,wbv,Pama-Nyungan,Western Pama-Nyungan
wbt,Wanman,Australia,wbt,Pama-Nyungan,Western Pama-Nyungan
wrl,Warlpiri,Australia,wbp,Pama-Nyungan,Western Pama-Nyungan
mrt,Martuthunira,Australia,vma,Pama-Nyungan,Western Pama-Nyungan
vka,Kariera,Australia,vka,Pama-Nyungan,Western Pama-Nyungan
rit,Ritharngu,Australia,rit,Pama-Nyungan,Western Pama-Nyungan
pny,Panyjima,Australia,pnw,Pama-Nyungan,Western Pama-Nyungan
pit,Pitjantjatjara,Australia,pjt,Pama-Nyungan,Western Pama-Nyungan
wdo,Western Desert (Ooldea),Australia,pjt,Pama-Nyungan,Western Pama-Nyungan
pin,Pintupi,Australia,piu,Pama-Nyungan,Western Pama-Nyungan
nju,Nyungar,Australia,nys,Pama-Nyungan,Western Pama-Nyungan
ntj,Ngaanyatjarra,Australia,ntj,Pama-Nyungan,Western Pama-Nyungan
nlu,Ngarluma,Australia,nrl,Pama-Nyungan,Western Pama-Nyungan
nlr,Ngarla,Australia,nrk,Pama-Nyungan,Western Pama-Nyungan
nyr,Nyangumarda,Australia,nna,Pama-Nyungan,Western Pama-Nyungan
nly,Nyamal,Australia,nly,Pama-Nyungan,Western Pama-Nyungan
mrj,Mirniny,Australia,nju,Pama-Nyungan,Western Pama-Nyungan
ngj,Ngadjumaja,Australia,nju,Pama-Nyungan,Western Pama-Nyungan
nha,Nhanda,Australia,nha,Pama-Nyungan,Western Pama-Nyungan
bnr,Bilinarra,Australia,nbj,Pama-Nyungan,Western Pama-Nyungan
ngy,Ngarinyman,Australia,nbj,Pama-Nyungan,Western Pama-Nyungan
bly,Palyku,Australia,nad,Pama-Nyungan,Western Pama-Nyungan
mnj,Mantjiltjara,Australia,mpj,Pama-Nyungan,Western Pama-Nyungan
mwa,Martu Wangka,Australia,mpj,Pama-Nyungan,Western Pama-Nyungan
ylb,Yulparija,Australia,mpj,Pama-Nyungan,Western Pama-Nyungan
gug,Gugada,Australia,ktd,Pama-Nyungan,Western Pama-Nyungan
ynk,Yankuntjatjara,Australia,kdd,Pama-Nyungan,Western Pama-Nyungan
yny,Yanyuwa,Australia,jao,Pama-Nyungan,Western Pama-Nyungan
guf,Gupapuyngu,Australia,guf,Pama-Nyungan,Western Pama-Nyungan
gji,Gurindji,Australia,gue,Pama-Nyungan,Western Pama-Nyungan
gmt,Gumatj,Australia,gnn,Pama-Nyungan,Western Pama-Nyungan
krj,Karadjeri,Australia,gbd,Pama-Nyungan,Western Pama-Nyungan
djp,Djapu,Australia,dwu,Pama-Nyungan,Western Pama-Nyungan
dda,Dhuwal (Dätiwuy),Australia,duj,Pama-Nyungan,Western Pama-Nyungan
mdb,Mudburra,Australia,dmw,Pama-Nyungan,Western Pama-Nyungan
djm,Djambarrpuyngu,Australia,djr,Pama-Nyungan,Western Pama-Nyungan
djn,Djinang,Australia,dji,Pama-Nyungan,Western Pama-Nyungan
dhr,Dhargari,Australia,dhr,Pama-Nyungan,Western Pama-Nyungan
dhl,Dhalandji,Australia,dhl,Pama-Nyungan,Western Pama-Nyungan
glp,Gaalpu,Australia,dhg,Pama-Nyungan,Western Pama-Nyungan
djr,Djaru,Australia,ddj,Pama-Nyungan,Western Pama-Nyungan
bxj,Bayungu,Australia,bxj,Pama-Nyungan,Western Pama-Nyungan
bdm,Badimaya,Australia,bia,Pama-Nyungan,Western Pama-Nyungan
bnu,Bularnu,Australia,,Pama-Nyungan,Western Pama-Nyungan
thw,Thao,Papunesia,ssf,Austronesian,Western Plains Austronesian
knr,Kanuri,Africa,knc,Saharan,Western Saharan
kbu,Kanembu,Africa,kbl,Saharan,Western Saharan
tbu,Tubu,Africa,,Saharan,Western Saharan
dum,Dumo,Papunesia,vam,Skou,Western Skou
sko,Skou,Papunesia,skv,Skou,Western Skou
yem,Yemba,Africa,ybb,Niger-Congo,Wide Grassfields
yba,Yamba,Africa,yam,Niger-Congo,Wide Grassfields
oku,Oku,Africa,oku,Niger-Congo,Wide Grassfields
mkq,Mankon,Africa,nge,Niger-Congo,Wide Grassfields
mud,Mundani,Africa,mnf,Niger-Congo,Wide Grassfields
mgk,Mungaka,Africa,mhk,Niger-Congo,Wide Grassfields
lns,Lamnso',Africa,lns,Niger-Congo,Wide Grassfields
fef,Fe'fe',Africa,fmp,Niger-Congo,Wide Grassfields
kou,Kom,Africa,bkm,Niger-Congo,Wide Grassfields
baf,Bafut,Africa,bfd,Niger-Congo,Wide Grassfields
bmn,Bamun,Africa,bax,Niger-Congo,Wide Grassfields
mbi,Mbili,Africa,baw,Niger-Congo,Wide Grassfields
bab,Babungo,Africa,bav,Niger-Congo,Wide Grassfields
agh,Aghem,Africa,agq,Niger-Congo,Wide Grassfields
win,Wintu,North America,wnw,Penutian,Wintuan
ptw,Patwin,North America,pwi,Penutian,Wintuan
oca,Ocaina,South America,oca,Witotoan,Witoto
hmu,Huitoto (Muinane),South America,hux,Witotoan,Witoto
hum,Huitoto (Murui),South America,huu,Witotoan,Witoto
hmi,Huitoto (Minica),South America,hto,Witotoan,Witoto
wiy,Wiyot,North America,wiy,Algic,Wiyot
wog,Wogamusin,Papunesia,wog,Sepik,Wogamusin-Chenapian
wlf,Wolof,Africa,wol,Niger-Congo,Wolof
wor,Worora,Australia,wro,Worrorran,Worrorran
ung,Ungarinjin,Australia,ung,Worrorran,Worrorran
gnn,Gunin,Australia,gww,Worrorran,Worrorran
nag,Nagatman,Papunesia,nce,Yale,Yale
yah,Yahgan,South America,yag,Yámana,Yámana
yan,Yana,North America,ynn,Hokan,Yana
amu,Amuesha,South America,ame,Arawakan,Yanesha'
wrd,Wardaman,Australia,wrr,Yangmanic,Yangmanic
snm,Sanuma,South America,xsu,Yanomam,Yanomam
ynm,Yanomámi,South America,wca,Yanomam,Yanomam
shi,Shiriana,South America,shb,Yanomam,Yanomam
yap,Yapese,Papunesia,yap,Austronesian,Yapese
yar,Yareba,Papunesia,yrb,Trans-New Guinea,Yareban
yrr,Yaruro,South America,yae,Yaruro,Yaruro
yaw,Yawa,Papunesia,yva,Yawa,Yawa
yei,Yei,Papunesia,jei,Yam,Yei
yel,Yelî Dnye,Papunesia,yle,Yele,Yele
nam,Namia,Papunesia,nnm,Sepik,Yellow River
yug,Yugh,Eurasia,yug,Yeniseian,Yeniseian
ket,Ket,Eurasia,ket,Yeniseian,Yeniseian
ktt,Kott,Eurasia,,Yeniseian,Yeniseian
wik,Wikchamni,North America,yok,Penutian,Yokuts
yok,Yokuts (Yaudanchi),North America,yok,Penutian,Yokuts
ywl,Yawelmani,North America,yok,Penutian,Yokuts
yuc,Yuchi,North America,yuc,Yuchi,Yuchi
yko,Yukaghir (Kolyma),Eurasia,yux,Yukaghir,Yukaghir
ytu,Yukaghir (Tundra),Eurasia,ykg,Yukaghir,Yukaghir
yki,Yuki,North America,yuk,Wappo-Yukian,Yuki
que,Quechan,North America,yum,Hokan,Yuman
hav,Havasupai,North America,yuf,Hokan,Yuman
hlp,Hualapai,North America,yuf,Hokan,Yuman
yav,Yavapai,North America,yuf,Hokan,Yuman
mar,Maricopa,North America,mrc,Hokan,Yuman
moj,Mojave,North America,mov,Hokan,Yuman
klw,Kiliwa,North America,klb,Hokan,Yuman
die,Diegueño (Mesa Grande),North America,dih,Hokan,Yuman
tja,Tiipay (Jamul),North America,dih,Hokan,Yuman
ccp,Cocopa,North America,coc,Hokan,Yuman
yrc,Yuracare,South America,yuz,Yuracare,Yuracare
yrm,Yurimangí,South America,,Yurimangí,Yurimangí
yur,Yurok,North America,yur,Algic,Yurok
jrn,Juruna,South America,jur,Tupian,Yuruna
ayr,Ayoreo,South America,ayo,Zamucoan,Zamucoan
zpr,Zaparo,South America,zro,Zaparoan,Zaparoan
iqu,Iquito,South America,iqu,Zaparoan,Zaparoan
arb,Arabela,South America,arl,Zaparoan,Zaparoan
zte,Zapotec (Texmelucan),North America,zpz,Oto-Manguean,Zapotecan
zzo,Zapotec (Zoogocho),North America,zpq,Oto-Manguean,Zapotecan
zam,Zapotec (Mixtepec),North America,zpm,Oto-Manguean,Zapotecan
zaq,Zapotec (Quiegolani),North America,zpi,Oto-Manguean,Zapotecan
zpi,Zapotec (Ixtlan),North America,zpd,Oto-Manguean,Zapotecan
zap,Zapotec (Mitla),North America,zaw,Oto-Manguean,Zapotecan
zya,Zapotec (Yatzachi),North America,zav,Oto-Manguean,Zapotecan
zai,Zapotec (Isthmus),North America,zai,Oto-Manguean,Zapotecan
zsq,Zapotec (San Lucas Quiaviní),North America,zab,Oto-Manguean,Zapotecan
zaj,Zapotec (Juárez),North America,zaa,Oto-Manguean,Zapotecan
cht,Chatino (Nopala),North America,cya,Oto-Manguean,Zapotecan
cso,Chatino (Sierra Occidental),North America,ctp,Oto-Manguean,Zapotecan
cya,Chatino (Yaitepec),North America,ctp,Oto-Manguean,Zapotecan
ctt,Chatino (Tataltepec),North America,cta,Oto-Manguean,Zapotecan
nze,Naga (Zeme),Eurasia,nzm,Sino-Tibetan,Zemeic
kbi,Kabui,Eurasia,nbu,Sino-Tibetan,Zemeic
zun,Zuni,North America,zun,Zuni,Zuni
huc,Err:509,Africa,huc,Kxa,Err:509
